Date,AT,BE,CY,FI,FR,DE,GR,IE,IT,LT,MT,NL,PT,SK,SI,ES,EE,LV,LU
2000-06,99.72,93.71,90.3,100.6,98.44,100.88,86.31,83.39,95.02,86.28,90.44,92.99,94.55,58.83,94.92,88.57,80.3,96.68,94.7
2000-07,99.26,93.58,90.18,99.91,97.85,100.94,84.42,83.21,94.75,86.07,90.55,92.47,94.52,58.34,94.8,88.85,80.78,95.84,93.37
2000-08,98.48,92.32,88.61,98.75,96.71,99.04,83.4,81.89,93.56,87.76,90.17,91.39,93.8,57.96,94.18,88.29,79.85,96.68,93.97
2000-09,97.67,91.66,87.95,97.95,95.77,97.53,83.56,80.64,92.26,89.72,89.4,90.89,92.85,57.12,94.4,87.46,78.93,97.46,93.47
2000-10,97.53,90.81,87.64,97.28,94.96,96.64,83.75,80.19,91.99,90.99,90.15,90.43,92.82,56.38,94.23,87.21,79.21,97.83,93.49
2000-11,97.86,91.25,88.3,97.45,95.27,96.8,84.05,80.89,92.29,90.92,90.44,90.62,93.58,57.35,94.51,87.47,79.68,96.99,93.7
2000-12,98.68,92.24,90.33,99.04,96.56,99.34,85.4,82.84,93.71,87.86,90.56,91.75,94.54,56.86,94.25,88.7,80.83,94.53,94.55
2001-01,99.95,93.67,90.37,100.97,97.75,100.93,85.41,84.54,95.76,84.68,90.62,94.57,95.84,57.84,94.55,89.95,83.09,93.09,94.08
2001-02,99.55,93.37,89.32,100.73,97.3,100.62,84.79,84.49,95.43,85.58,90.47,94.53,95.45,58.66,94.61,89.72,82.62,93.31,94.69
2001-03,99.51,93.32,90.34,101.14,97.55,100.41,86.52,84.8,95.37,86.78,91.36,95.18,95.65,58.88,95.21,89.94,82.59,93.57,94.69
2001-04,99.31,93.33,90.43,100.59,97.2,100.01,86.83,84.58,95.01,87.69,91.76,94.88,95.56,59.07,94.97,89.77,82.33,93.81,94.23
2001-05,98.47,92.73,89.22,99.76,96.54,98.79,86.01,83.63,93.92,88.58,91.9,93.83,95.47,59.19,94.65,89.08,81.79,95.08,93.91
2001-06,97.9,92.24,89.48,99.0,95.83,97.91,85.29,83.14,93.41,90.4,91.72,92.7,95.26,59.4,94.27,88.86,81.48,96.41,93.74
2001-07,98.39,92.69,88.85,98.98,96.18,98.86,84.33,83.59,94.15,89.78,92.7,93.31,95.67,59.9,94.35,89.52,82.43,95.8,93.12
2001-08,99.11,93.85,90.9,100.91,97.49,100.23,85.35,85.5,95.53,87.83,93.32,95.01,96.14,59.63,94.84,90.67,83.36,93.91,94.92
2001-09,99.57,94.19,92.24,101.93,97.74,100.35,87.03,85.98,95.64,86.76,93.62,96.22,96.09,59.25,95.58,90.7,83.58,94.46,94.97
2001-10,99.64,94.08,93.24,101.67,97.83,100.12,87.26,86.34,95.78,87.15,93.3,96.2,96.51,58.94,95.69,90.6,83.46,94.7,95.17
2001-11,99.03,93.61,92.16,100.28,96.85,98.92,86.65,85.59,95.16,88.05,94.48,95.37,96.81,59.29,95.77,90.01,82.88,95.26,95.01
2001-12,98.85,93.44,92.61,100.41,96.98,100.1,87.43,86.34,95.18,87.63,94.81,95.28,96.83,59.09,95.82,90.26,83.07,94.67,94.75
2002-01,98.69,93.63,90.79,100.1,96.97,99.34,86.68,85.82,95.02,88.65,94.26,95.57,96.67,60.32,96.71,89.66,83.46,94.2,93.57
2002-02,98.11,93.16,90.0,99.48,96.44,98.97,85.14,85.54,94.77,89.95,93.31,95.31,96.13,60.62,95.84,89.35,83.33,93.91,94.31
2002-03,97.96,93.12,90.36,99.62,96.64,98.96,87.11,86.18,94.79,89.07,92.95,95.91,96.12,60.82,95.83,89.88,83.21,94.2,94.08
2002-04,98.09,92.98,90.89,99.91,96.8,98.49,87.56,86.87,94.81,88.74,92.87,96.26,96.43,61.06,96.49,90.92,83.88,93.45,94.27
2002-05,99.0,93.85,91.3,101.14,97.73,99.67,88.18,88.6,95.95,89.28,93.11,97.2,97.41,59.67,96.76,91.85,84.69,92.28,94.83
2002-06,99.9,94.71,92.83,102.2,99.01,101.31,89.1,90.44,97.42,90.18,92.89,98.32,98.43,58.07,96.88,92.84,85.51,90.63,95.57
2002-07,100.43,95.84,93.69,103.43,100.0,102.75,88.38,91.05,98.74,91.19,93.69,99.32,99.24,57.92,97.71,92.86,86.19,89.49,95.19
2002-08,100.49,95.37,94.67,102.98,99.82,102.17,88.18,91.01,98.49,90.45,93.93,99.19,99.04,59.09,97.34,92.82,85.52,89.52,95.95
2002-09,100.26,95.41,95.47,103.01,99.8,101.91,89.63,91.3,98.44,89.56,94.37,100.12,98.73,60.43,97.43,92.98,85.33,89.68,96.02
2002-10,100.49,95.29,96.09,103.29,99.91,101.74,90.07,91.81,98.65,89.91,94.75,99.95,99.16,62.19,97.49,93.89,85.64,89.48,96.36
2002-11,100.58,95.55,96.46,103.34,100.21,101.6,90.19,92.6,99.25,90.06,94.63,100.08,99.97,62.66,97.25,94.18,85.73,88.87,96.67
2002-12,100.73,95.74,97.17,103.6,100.56,103.05,90.96,93.79,99.49,90.44,94.71,100.05,100.02,62.74,97.42,94.56,85.68,88.49,96.46
2003-01,101.5,97.09,97.38,104.74,101.72,104.14,91.24,95.05,100.88,91.03,94.46,101.6,100.68,66.56,98.38,94.79,87.23,87.53,96.02
2003-02,101.42,97.77,97.29,105.57,102.53,105.06,91.41,96.42,101.1,90.84,94.86,102.43,100.57,66.4,98.49,94.98,87.39,87.21,97.06
2003-03,101.59,97.89,98.81,105.91,102.87,104.99,93.49,97.21,101.33,91.26,95.3,103.36,100.4,67.09,98.9,95.56,87.63,87.44,97.18
2003-04,101.65,97.63,98.79,105.68,102.71,104.67,93.56,97.67,101.55,91.15,95.28,103.5,100.98,68.31,99.05,96.31,87.41,87.17,97.23
2003-05,102.8,98.96,100.21,107.68,104.35,106.49,95.32,100.37,103.54,92.24,96.68,105.61,102.43,68.78,99.92,97.43,88.38,85.18,98.11
2003-06,103.13,99.29,99.8,107.78,104.66,107.28,95.22,100.56,103.75,92.45,97.21,105.32,102.39,68.53,99.96,97.51,88.13,85.34,98.02
2003-07,102.62,98.93,97.52,106.45,103.92,106.69,92.71,98.92,103.26,91.34,96.1,104.71,101.95,67.92,99.83,96.44,87.99,85.9,96.93
2003-08,102.49,98.5,97.39,105.82,103.37,105.72,91.94,98.47,102.74,90.16,95.21,104.14,101.49,68.16,98.81,96.32,87.5,85.67,97.8
2003-09,102.31,98.39,98.87,105.64,103.4,105.27,93.23,98.2,102.5,89.62,95.16,104.72,101.31,69.2,98.74,96.24,87.28,86.04,97.94
2003-10,102.66,98.77,100.54,106.43,104.42,106.3,94.34,99.44,103.41,90.4,97.16,105.42,102.07,69.82,99.26,97.44,87.88,85.82,98.22
2003-11,102.97,98.93,100.85,106.2,104.45,105.93,94.54,99.35,103.63,90.7,97.17,105.09,102.25,70.26,99.25,97.68,87.61,86.33,98.41
2003-12,103.7,99.86,101.03,107.71,105.66,108.3,95.9,101.55,104.84,91.4,98.9,105.82,102.74,70.68,99.51,98.6,88.24,84.83,98.87
2004-01,103.94,100.53,100.07,107.89,106.04,108.69,95.48,101.58,105.33,91.48,99.28,106.38,103.04,74.54,99.56,98.06,89.03,84.98,98.26
2004-02,103.9,100.51,99.87,108.23,106.15,108.64,94.79,101.84,105.26,91.11,99.22,106.43,102.6,75.3,99.29,97.75,89.06,85.54,99.19
2004-03,103.21,99.45,98.82,106.29,105.27,107.42,95.94,100.67,104.21,90.43,98.46,105.88,101.92,75.04,98.76,97.43,88.31,86.9,98.52
2004-04,102.41,98.92,98.15,104.97,104.31,106.39,95.18,99.41,103.29,89.9,97.98,104.81,101.8,74.87,98.4,97.86,88.04,87.88,98.08
2004-05,102.76,99.49,99.45,105.29,104.9,106.9,95.99,99.99,103.79,91.18,98.15,105.24,102.41,74.89,98.93,98.61,89.84,87.9,98.17
2004-06,103.06,99.44,100.62,105.3,104.92,106.8,95.68,100.56,103.94,91.02,98.84,104.66,102.55,75.32,98.87,98.73,90.2,88.2,98.38
2004-07,103.01,100.04,100.28,105.52,104.99,107.17,94.1,100.64,104.24,90.98,99.53,104.84,102.64,75.5,99.03,98.12,90.14,87.98,97.44
2004-08,103.21,99.88,101.13,105.52,104.94,107.0,93.58,101.05,104.21,90.4,98.27,104.86,101.99,74.87,98.32,98.35,89.84,87.91,98.4
2004-09,103.23,99.93,102.17,105.71,105.04,106.63,95.41,101.25,104.15,90.76,98.21,105.69,101.86,75.03,98.25,98.53,89.67,87.72,98.55
2004-10,103.62,100.65,103.66,106.24,105.48,106.95,96.31,101.96,104.27,90.8,99.01,106.05,102.31,75.05,98.52,99.67,90.0,86.93,98.87
2004-11,104.17,101.13,104.41,106.42,106.18,107.48,96.76,103.39,104.88,91.26,100.01,106.57,103.09,75.9,99.28,100.34,90.81,86.05,99.38
2004-12,104.49,101.12,104.71,106.89,106.71,109.29,97.28,104.38,105.44,90.98,100.89,106.22,103.22,76.76,98.75,100.37,91.1,84.89,99.24
2005-01,104.32,101.04,101.46,105.79,105.56,107.55,96.95,102.75,104.8,90.46,99.43,105.98,102.77,78.2,97.88,99.15,90.6,84.22,98.25
2005-02,103.75,100.86,100.1,105.54,105.28,106.8,94.89,102.62,104.1,89.72,99.25,105.57,102.04,78.78,97.7,98.56,90.38,84.35,99.1
2005-03,103.93,101.42,100.38,105.86,105.93,107.37,96.94,102.97,104.38,89.92,99.59,106.56,102.04,78.11,98.45,99.27,90.81,84.58,98.96
2005-04,103.33,101.0,100.74,105.23,105.38,106.34,97.11,102.32,103.84,90.05,99.54,105.92,101.97,76.25,98.31,100.16,90.89,85.3,98.91
2005-05,103.09,100.54,100.67,104.04,104.74,105.64,96.76,101.79,103.44,89.9,99.09,105.0,101.93,76.41,98.32,99.76,90.64,85.56,98.67
2005-06,102.46,99.65,100.29,102.66,103.49,104.25,95.52,100.2,102.05,89.01,97.4,103.09,101.13,76.77,97.72,98.91,90.45,85.25,97.93
2005-07,101.91,100.2,99.22,102.21,103.18,104.53,94.26,100.12,102.3,88.89,96.43,102.76,101.54,75.81,98.31,98.19,90.97,85.31,97.21
2005-08,102.1,100.31,100.06,102.73,103.64,104.7,93.8,100.78,102.49,88.86,96.74,103.37,101.51,75.95,97.54,98.6,91.13,85.08,98.44
2005-09,101.97,99.77,101.16,102.53,103.4,104.03,95.34,100.86,101.8,88.82,96.94,103.54,101.13,76.18,98.19,98.67,91.2,85.69,98.28
2005-10,101.77,99.19,102.26,101.94,102.85,103.63,95.57,100.28,101.53,89.09,97.97,102.9,101.15,75.95,98.08,99.11,90.93,86.08,98.61
2005-11,101.4,98.98,102.41,101.46,102.33,102.85,95.07,99.74,101.31,89.07,97.96,102.28,101.42,76.28,97.57,99.02,90.8,86.34,98.26
2005-12,101.43,98.81,101.49,101.24,102.28,103.6,95.32,99.62,101.09,88.75,97.84,101.6,101.33,77.67,97.2,99.05,90.38,85.86,97.86
2006-01,101.26,99.11,99.67,100.94,102.43,103.31,95.26,99.81,101.52,89.0,96.15,101.53,101.23,79.88,96.61,98.84,91.08,86.67,97.58
2006-02,100.8,98.77,98.97,100.78,102.02,102.87,93.31,100.0,100.87,88.29,95.77,101.01,100.88,79.96,96.34,98.15,90.81,86.34,98.62
2006-03,101.19,98.77,99.84,101.18,102.44,103.12,95.56,100.71,101.25,88.65,97.1,102.0,101.99,80.02,97.16,98.93,90.91,86.63,98.81
2006-04,101.67,99.18,100.41,101.65,102.82,103.54,96.12,101.84,101.51,89.1,98.36,102.54,102.05,80.32,97.67,100.27,91.36,86.91,98.88
2006-05,102.05,100.0,101.14,102.45,103.81,104.2,96.8,102.92,102.47,89.59,99.78,103.36,102.61,80.27,98.53,101.04,91.99,88.01,99.27
2006-06,102.32,100.08,101.72,102.6,103.97,104.82,97.04,103.16,102.83,90.04,99.73,103.1,102.64,79.57,98.42,101.41,92.35,88.36,99.36
2006-07,102.03,100.4,100.38,102.34,103.77,105.24,96.34,103.54,103.14,90.3,99.1,102.85,102.49,79.02,98.18,100.75,92.8,88.74,98.42
2006-08,102.25,100.29,100.56,102.66,103.94,104.82,95.42,103.96,103.09,89.88,98.59,103.28,102.1,80.28,98.57,100.72,93.31,88.23,99.42
2006-09,102.17,99.89,101.11,102.59,103.61,104.3,96.79,104.22,102.89,89.79,98.98,103.55,102.57,80.47,99.02,100.45,92.89,88.88,99.4
2006-10,101.81,99.44,101.28,102.57,103.06,103.92,97.03,103.79,102.46,90.39,99.03,102.95,102.41,81.91,98.01,100.64,92.47,89.01,99.08
2006-11,101.93,99.9,101.48,102.66,103.39,104.07,97.0,104.78,102.69,90.87,98.7,103.08,102.56,84.34,98.11,101.0,93.0,89.47,99.24
2006-12,101.99,100.15,101.38,102.93,103.76,105.2,97.46,105.66,102.86,90.92,99.06,102.88,102.69,86.36,98.27,101.28,93.2,89.54,99.29
2007-01,101.74,99.87,99.16,102.29,103.03,104.75,96.86,104.81,102.56,90.68,97.37,102.51,102.41,87.46,97.5,100.31,93.8,90.58,98.6
2007-02,101.67,100.13,98.87,102.69,102.94,104.98,95.32,105.52,102.6,90.64,97.39,102.68,102.13,88.13,97.0,100.08,93.58,90.36,99.68
2007-03,101.94,100.03,99.82,103.42,103.33,105.13,97.47,106.55,102.65,90.96,98.03,103.87,103.13,89.7,97.69,100.76,94.38,90.25,99.86
2007-04,102.27,100.25,100.46,103.84,103.68,105.5,97.87,107.49,102.56,91.27,98.79,104.37,103.51,90.38,98.33,101.95,94.55,91.3,99.81
2007-05,102.28,99.8,100.41,103.38,103.62,105.11,97.79,107.61,102.5,91.31,98.67,104.11,103.39,89.55,99.22,101.93,94.93,92.45,99.82
2007-06,102.16,99.51,99.76,103.23,103.37,104.86,97.38,107.24,102.34,91.3,98.32,103.25,103.06,88.98,99.43,101.79,95.18,93.1,99.79
2007-07,102.09,100.17,99.17,103.18,103.3,105.62,96.69,108.14,102.75,91.72,98.74,102.96,103.02,90.6,99.34,101.17,96.03,93.84,98.78
2007-08,101.86,99.8,99.62,103.15,103.51,105.22,95.77,108.26,102.73,92.12,98.73,102.88,102.4,89.77,99.62,101.13,96.11,94.11,99.9
2007-09,102.08,99.97,100.83,103.61,103.77,105.6,97.66,109.18,102.8,93.05,100.16,103.73,102.78,89.26,99.79,101.52,96.77,94.86,100.01
2007-10,102.49,100.47,101.66,103.68,103.93,105.71,98.19,109.79,102.95,93.83,101.01,103.75,102.88,89.97,100.06,102.73,97.27,96.13,100.37
2007-11,102.81,101.6,102.73,104.31,104.66,106.52,98.99,111.13,103.48,94.51,101.84,104.19,103.04,91.14,100.65,103.53,98.45,97.46,100.56
2007-12,103.06,101.54,102.59,103.73,104.63,106.64,98.99,110.99,103.32,94.43,101.44,103.22,102.79,90.36,100.58,103.56,98.88,98.07,100.58
2008-01,102.69,102.08,101.18,104.67,104.48,106.03,98.71,110.99,103.75,95.56,100.67,103.44,102.9,90.86,100.52,102.9,100.56,100.26,100.03
2008-02,102.06,102.13,101.14,104.23,103.89,105.58,97.27,111.73,103.17,95.82,100.47,103.31,102.42,91.72,99.85,102.33,100.0,100.95,100.58
2008-03,103.13,103.56,103.07,106.08,105.5,107.21,100.42,114.57,104.49,96.89,103.51,105.37,103.94,94.13,101.34,103.87,101.04,102.37,101.28
2008-04,103.5,103.94,104.41,106.33,105.99,107.0,101.21,115.26,104.8,97.64,104.5,105.98,104.02,94.51,101.98,105.12,101.81,103.37,101.51
2008-05,103.34,103.98,104.22,105.9,105.57,106.51,101.09,114.8,104.35,97.45,104.29,105.35,103.67,96.8,102.19,104.9,101.44,103.18,101.35
2008-06,102.93,104.08,104.04,105.77,105.36,106.15,100.46,114.73,104.22,97.47,104.08,104.59,103.66,99.94,102.46,104.93,101.6,102.56,101.37
2008-07,102.39,104.56,103.41,105.51,104.97,106.53,99.43,114.66,104.58,97.35,104.86,104.64,103.03,99.21,101.97,104.29,102.16,102.34,100.63
2008-08,101.58,102.8,102.79,104.61,103.76,104.78,97.41,113.17,103.53,97.02,102.95,103.54,102.05,99.1,100.86,103.02,101.36,101.3,100.71
2008-09,101.47,102.25,103.26,104.36,102.87,103.74,98.84,112.08,102.46,97.33,103.45,103.05,102.35,99.94,100.55,102.36,101.44,101.85,100.46
2008-10,100.82,100.97,103.49,103.29,101.56,102.17,98.28,109.46,101.41,98.2,105.25,101.23,101.79,99.95,100.38,101.89,101.31,102.28,99.93
2008-11,100.64,100.5,102.9,102.87,101.08,101.64,98.24,108.56,101.04,98.54,105.01,100.76,101.54,100.98,99.95,101.62,101.39,102.45,99.44
2008-12,102.16,102.71,104.38,106.0,103.31,105.19,99.85,111.26,103.48,101.31,108.3,102.75,102.55,103.76,100.94,103.34,104.12,104.68,100.15
2009-01,101.97,102.94,102.24,106.13,102.91,104.8,99.5,109.32,103.52,105.18,105.46,103.0,102.34,105.27,101.04,102.13,103.96,108.52,99.23
2009-02,101.95,102.42,102.09,105.8,102.46,104.8,98.05,106.95,103.11,106.21,105.79,102.76,101.77,105.93,101.52,101.37,103.74,110.21,100.45
2009-03,102.74,102.69,104.37,106.82,103.62,105.55,100.81,108.47,104.06,106.45,108.24,105.0,103.0,105.81,102.85,102.31,103.79,110.27,100.71
2009-04,102.38,102.34,103.93,105.82,103.16,104.79,100.22,107.02,103.53,105.23,106.6,104.69,102.54,104.38,102.22,102.72,102.14,108.66,100.55
2009-05,102.65,102.43,104.5,105.56,103.6,104.85,100.51,106.9,103.96,104.8,106.35,105.17,102.34,104.14,102.74,102.87,102.0,107.8,100.7
2009-06,102.77,102.52,104.67,106.57,104.17,105.86,100.92,106.86,104.48,104.78,106.86,105.32,102.41,104.79,103.48,103.66,102.5,108.77,101.32
2009-07,102.39,102.66,103.08,106.01,103.8,105.86,100.31,106.37,104.59,103.69,106.59,104.25,102.19,104.32,102.49,102.88,103.53,108.13,100.56
2009-08,102.62,102.75,103.2,105.7,104.17,105.85,99.37,106.72,104.7,102.96,106.42,104.39,101.56,103.81,102.26,103.03,102.85,106.39,101.58
2009-09,103.12,103.0,104.4,106.29,104.48,106.02,101.7,107.49,104.98,103.91,107.54,105.57,102.14,104.1,102.39,103.3,102.83,105.87,101.84
2009-10,103.24,103.29,105.75,105.85,104.82,106.47,102.28,107.99,105.22,103.59,108.29,106.0,102.1,104.46,102.52,104.27,102.91,104.99,101.84
2009-11,103.43,103.45,106.75,105.81,104.82,106.02,102.64,107.72,105.05,103.38,107.68,105.74,102.11,104.57,103.33,104.71,102.58,104.08,102.16
2009-12,102.81,102.9,105.63,105.16,104.26,106.14,102.02,106.08,104.42,102.66,106.23,104.16,101.72,103.91,102.3,103.89,102.31,103.44,101.5
2010-01,101.88,102.48,102.23,103.89,102.99,103.92,100.16,104.05,103.41,102.73,103.57,102.93,101.03,102.99,100.74,101.94,101.48,102.2,100.28
2010-02,100.72,101.33,101.29,102.07,101.91,102.39,98.19,102.3,101.77,101.19,101.82,101.75,100.24,101.66,100.08,100.28,99.99,100.8,100.5
2010-03,100.97,100.88,101.13,101.46,101.58,101.88,100.52,101.7,101.1,100.22,101.36,102.12,100.67,100.62,100.27,100.26,100.12,100.15,100.38
2010-04,100.57,100.27,100.41,100.67,100.82,100.68,100.65,100.61,100.42,99.68,100.66,101.41,100.21,100.05,100.54,100.42,99.68,100.23,100.08
2010-05,99.64,99.05,98.63,98.69,99.18,98.74,100.06,98.44,98.83,99.25,98.53,99.29,99.5,99.45,100.16,99.18,98.77,99.54,99.46
2010-06,99.09,98.23,98.18,97.87,98.3,97.77,99.23,96.81,98.0,98.87,97.31,97.79,99.23,99.18,100.13,98.61,98.6,99.43,99.05
2010-07,99.19,99.27,98.32,98.3,98.99,99.03,99.6,98.41,99.38,99.53,98.74,98.64,100.0,99.82,99.9,99.02,99.65,100.08,99.2
2010-08,99.14,99.0,98.74,98.45,98.93,98.76,98.54,98.79,99.28,98.88,98.07,98.45,99.51,99.14,99.92,98.99,99.28,99.1,100.05
2010-09,99.3,99.35,99.7,98.81,98.85,98.55,100.32,98.95,99.0,99.3,98.66,99.11,99.66,99.05,99.38,99.06,99.77,99.22,100.03
2010-10,100.45,100.75,101.68,100.79,100.27,100.22,101.47,101.49,100.5,100.59,101.23,100.79,100.45,99.71,99.97,101.07,101.35,100.26,100.7
2010-11,99.77,100.16,100.59,100.24,99.56,99.56,101.02,100.0,99.7,100.09,100.58,99.75,100.07,99.46,99.87,100.89,101.14,100.08,100.41
2010-12,99.28,99.21,99.11,98.76,98.6,98.5,100.26,98.45,98.61,99.67,99.47,97.96,99.42,98.87,99.04,100.26,100.15,98.91,99.86
2011-01,98.91,99.69,98.21,98.66,98.18,97.87,99.37,98.09,98.85,99.08,98.06,97.59,100.09,99.98,97.85,99.36,99.34,100.28,99.28
2011-02,99.44,100.33,99.18,99.08,98.72,98.7,98.05,99.31,99.26,98.84,98.49,98.4,99.94,100.1,97.65,99.51,99.67,100.19,100.64
2011-03,100.59,101.01,99.89,99.92,99.8,99.62,101.37,100.9,99.84,99.85,100.24,99.91,101.32,100.63,99.07,100.38,100.59,100.27,101.22
2011-04,101.17,101.61,101.01,100.56,100.5,100.16,102.02,102.13,100.66,100.85,101.44,100.95,101.48,101.01,99.78,101.88,101.53,101.02,101.62
2011-05,100.83,101.48,101.06,100.03,100.0,99.34,101.78,101.4,100.19,101.08,101.63,100.45,101.19,100.92,100.29,101.4,101.11,100.81,101.33
2011-06,100.81,101.94,101.73,100.62,100.16,99.54,101.73,101.61,100.38,101.21,101.51,100.04,101.04,100.99,99.88,101.35,101.4,101.32,101.28
2011-07,100.28,101.53,100.13,99.78,99.16,99.17,99.97,100.8,100.19,100.77,99.9,99.98,100.84,100.49,98.47,100.39,101.59,100.78,100.06
2011-08,100.32,101.47,100.9,100.43,99.65,99.32,98.7,100.85,100.58,101.02,100.31,100.12,100.33,100.89,98.91,100.55,102.31,100.93,101.44
2011-09,100.45,100.89,100.68,100.05,98.72,98.81,101.42,99.76,99.89,101.87,99.64,99.51,100.74,101.16,99.31,100.06,102.35,101.4,101.0
2011-10,100.62,100.99,101.92,100.29,98.86,98.82,101.41,100.01,100.46,101.9,100.69,99.48,101.54,101.55,99.98,100.73,102.15,102.08,101.04
2011-11,100.55,101.05,101.75,99.91,98.75,98.58,101.07,99.42,99.94,101.75,99.67,98.76,101.13,101.9,99.98,100.78,101.84,102.39,101.08
2011-12,99.98,100.13,100.94,98.77,98.14,97.73,100.14,97.69,99.32,100.92,98.64,97.39,100.53,101.11,98.74,99.98,101.03,102.44,100.37
2012-01,98.57,99.75,98.38,98.0,96.62,95.99,98.33,95.77,98.36,100.04,95.78,96.06,100.7,101.4,97.44,97.77,100.37,101.92,99.02
2012-02,98.62,100.16,98.76,98.16,96.9,96.51,96.45,96.94,98.51,99.37,96.53,96.7,100.44,100.78,97.4,97.62,100.1,101.07,100.36
2012-03,99.18,99.91,99.29,98.16,97.34,96.74,98.75,97.52,98.55,99.59,96.77,97.51,101.07,100.51,97.78,97.83,100.59,101.05,100.18
2012-04,99.31,99.62,99.53,98.21,97.09,96.15,99.21,96.99,98.71,99.97,97.65,97.57,100.8,100.65,98.62,98.92,100.6,101.18,100.28
2012-05,98.91,99.06,99.45,97.91,96.46,95.45,98.48,95.91,98.21,100.18,96.73,96.78,100.26,100.64,99.0,98.33,100.43,101.33,99.82
2012-06,98.93,98.64,98.77,97.81,96.3,95.11,98.11,95.32,98.24,100.27,96.44,96.08,100.05,100.81,98.37,97.99,100.48,101.6,99.67
2012-07,97.8,97.79,97.07,96.17,94.89,94.36,95.92,93.95,97.33,99.11,94.39,95.64,99.53,99.76,96.62,96.9,99.37,100.08,98.1
2012-08,97.71,97.88,97.49,95.76,95.23,94.27,94.57,94.31,97.36,98.64,94.44,95.4,98.97,99.21,96.86,97.13,99.21,99.18,99.24
2012-09,99.03,98.83,98.43,97.1,95.7,95.3,97.45,95.36,98.13,99.88,96.43,96.67,99.71,99.99,98.21,98.79,100.48,100.04,100.06
2012-10,99.28,99.07,98.82,97.43,95.92,95.38,98.16,95.55,98.15,99.62,97.41,97.38,99.79,100.27,98.29,99.66,100.77,99.95,100.19
2012-11,99.25,98.84,98.46,96.87,95.54,95.26,97.38,94.87,97.71,99.39,96.71,96.74,99.44,100.17,98.07,99.36,100.27,99.81,100.05
2012-12,99.75,99.38,98.72,97.5,96.37,96.22,97.42,95.87,98.42,99.39,97.53,97.2,99.63,100.3,97.96,99.84,100.55,99.92,100.06
2013-01,99.75,100.13,98.59,98.01,96.59,96.49,96.46,96.45,99.3,99.93,96.69,98.04,99.13,101.44,97.61,99.2,101.76,99.85,99.76
2013-02,99.86,100.39,99.25,98.41,96.85,97.19,94.83,97.52,99.35,99.75,97.35,98.88,98.87,101.36,98.27,99.34,102.2,99.24,101.49
2013-03,99.91,99.36,98.58,97.64,96.57,96.44,96.4,96.5,98.4,99.26,96.65,98.83,99.76,100.79,97.88,98.61,101.89,98.75,100.7
2013-04,100.17,99.46,98.0,98.12,96.53,96.1,96.93,96.56,98.5,99.72,97.79,99.08,99.75,101.02,98.65,99.07,102.09,98.99,100.94
2013-05,100.27,99.58,97.96,98.19,96.53,96.56,96.67,96.4,98.48,99.87,98.15,99.06,99.82,100.93,98.8,99.22,102.33,99.06,100.6
2013-06,100.78,100.56,98.89,99.23,97.4,97.62,97.23,97.34,99.68,100.61,99.28,99.47,100.25,101.82,99.43,100.1,103.94,99.93,101.26
2013-07,100.08,100.5,97.51,99.06,96.94,97.94,95.49,97.14,99.65,99.83,98.82,100.22,100.07,101.57,99.0,99.48,103.74,99.48,99.95
2013-08,100.53,100.96,98.07,99.53,97.88,98.52,94.35,97.79,100.63,100.32,99.14,100.62,99.47,101.71,99.65,100.27,104.32,98.98,101.61
2013-09,101.26,100.85,98.0,99.58,97.49,98.29,96.68,97.34,100.18,100.77,98.77,100.44,100.01,101.39,99.74,99.95,103.61,98.99,101.69
2013-10,101.47,101.22,98.37,100.25,97.79,98.54,96.89,97.94,100.38,100.79,99.55,100.64,100.09,101.57,100.02,100.75,103.62,99.48,101.83
2013-11,101.61,101.21,97.74,100.2,97.63,98.77,95.5,97.42,100.01,100.81,99.25,100.04,99.8,101.71,99.93,100.92,103.43,99.16,101.76
2013-12,102.54,101.85,97.72,101.23,98.44,99.87,96.67,98.04,100.72,100.98,100.86,100.66,100.28,101.96,99.27,101.38,103.83,99.52,101.98
2014-01,101.88,102.13,96.48,101.23,97.96,99.37,95.8,97.41,101.1,101.08,98.96,100.47,99.36,102.35,98.9,100.2,104.27,100.32,101.22
2014-02,101.9,102.09,97.15,101.43,98.34,99.65,94.42,97.64,100.83,101.15,99.39,100.71,98.93,102.19,98.97,99.98,104.48,100.38,102.21
2014-03,103.07,102.26,97.91,101.99,99.07,100.34,96.89,98.69,101.17,101.75,100.37,101.88,100.23,102.4,99.81,100.34,105.14,100.88,102.19
2014-04,102.83,101.54,97.7,101.9,98.71,99.83,96.82,98.34,100.94,101.68,99.28,102.05,100.02,102.08,99.92,100.9,104.85,101.01,102.05
2014-05,102.87,100.99,97.63,101.13,98.36,99.1,95.62,97.66,100.39,101.12,98.55,101.26,99.69,101.96,100.13,100.57,104.46,100.56,101.89
2014-06,102.54,100.55,97.28,100.69,97.81,98.85,95.79,97.12,99.94,100.54,97.99,100.4,99.45,101.6,99.84,100.13,103.99,100.34,101.7
2014-07,101.84,100.43,96.35,100.48,97.23,98.81,94.4,96.53,99.61,100.04,97.44,100.95,98.83,101.34,98.67,98.95,103.87,100.04,100.49
2014-08,101.56,99.6,96.13,100.26,97.23,98.45,92.94,96.12,99.39,100.13,96.68,100.42,98.34,101.03,98.49,98.72,103.43,99.1,101.33
2014-09,101.51,98.69,95.66,99.98,95.96,97.38,94.19,94.58,98.07,100.11,95.87,99.48,98.46,100.41,98.18,98.1,102.53,99.65,100.77
2014-10,101.22,98.53,96.19,99.71,95.63,96.63,93.07,93.87,97.84,100.45,96.03,99.05,98.55,100.36,98.33,98.24,102.59,99.8,100.38
2014-11,101.51,98.56,96.34,100.0,95.5,96.75,92.33,93.63,97.74,101.26,96.82,98.63,98.45,100.48,98.32,98.21,102.49,100.3,100.3
2014-12,101.85,98.85,95.22,100.95,95.87,97.2,92.31,93.39,98.18,102.28,97.22,98.83,98.76,100.68,98.38,97.91,104.0,101.09,99.9
2015-01,99.8,97.44,92.87,99.22,93.55,94.4,89.92,90.43,96.36,100.88,93.59,96.57,97.22,99.97,96.53,95.22,103.1,101.34,98.77
2015-02,98.81,96.43,92.18,98.02,92.87,93.51,88.29,89.25,95.35,99.11,92.76,95.64,96.28,98.42,95.7,94.21,102.28,100.31,99.39
2015-03,98.39,94.53,90.95,96.08,91.77,91.92,88.88,87.5,93.55,97.7,90.95,94.77,96.94,96.93,95.06,93.21,100.54,99.15,98.25
2015-04,97.82,94.15,90.19,94.99,91.16,91.53,88.55,86.87,92.9,96.69,90.63,94.57,96.58,96.19,94.29,93.45,99.64,98.19,97.69
2015-05,98.58,95.05,91.17,95.57,92.17,92.74,88.48,88.28,93.83,97.42,91.64,95.63,97.25,97.13,95.49,94.62,100.33,98.95,98.51
2015-06,99.11,95.64,91.3,96.32,92.51,93.37,89.61,88.85,94.58,98.35,92.48,95.76,97.35,97.8,95.94,95.3,101.09,99.64,98.97
2015-07,98.36,95.12,89.41,95.86,91.66,93.04,88.13,87.93,94.06,97.94,91.87,96.0,96.61,97.26,95.0,93.99,100.68,98.72,97.65
2015-08,99.11,96.32,90.49,97.76,93.09,94.49,88.93,89.44,95.57,98.96,93.49,96.98,97.01,98.16,96.16,94.73,102.28,99.91,99.21
2015-09,100.13,97.16,91.47,98.49,93.42,95.14,91.28,89.87,96.0,100.14,94.77,97.59,98.4,98.5,96.68,95.16,102.15,100.18,99.49
2015-10,99.78,97.19,91.93,98.12,93.17,94.78,90.65,89.48,95.79,99.99,94.51,97.17,98.14,98.2,96.29,95.48,101.65,99.95,99.09
2015-11,99.13,96.03,91.07,96.7,91.76,92.53,88.87,87.29,94.07,99.53,92.81,95.25,97.23,97.43,95.7,94.7,100.33,99.32,98.54
2015-12,100.23,96.81,91.21,97.65,92.82,93.59,89.79,88.33,95.02,100.41,94.47,96.07,97.55,97.91,96.02,95.24,100.71,100.08,98.73
2016-01,100.26,98.03,90.83,98.48,92.89,94.03,89.06,88.65,95.97,101.7,93.77,96.1,97.76,98.74,95.7,94.44,102.01,100.89,98.29
2016-02,100.5,98.48,90.56,98.96,93.44,94.68,88.97,89.74,96.06,101.63,94.65,97.0,97.55,98.94,95.92,94.38,103.0,101.2,99.7
2016-03,100.46,98.45,90.3,98.03,93.29,94.45,89.39,89.39,95.3,101.04,94.11,97.09,98.66,98.05,95.7,94.14,102.34,100.38,98.86
2016-04,100.53,98.79,90.39,98.27,93.55,94.74,90.09,90.03,95.33,101.31,94.69,97.34,98.9,98.33,95.99,94.96,102.09,100.43,98.96
2016-05,100.74,98.93,90.92,98.22,93.85,95.33,89.76,90.22,95.59,101.22,94.87,97.4,98.9,98.39,96.89,95.4,102.17,101.07,99.04
2016-06,100.52,98.66,90.49,97.91,93.64,95.02,90.21,90.51,95.29,101.04,94.5,96.73,98.73,98.24,97.15,95.56,102.21,100.75,99.01
2016-07,99.83,98.57,90.88,97.59,93.09,95.21,88.44,90.44,95.21,100.19,93.78,97.04,98.19,97.61,96.07,94.75,102.04,100.31,97.71
2016-08,99.75,98.74,90.91,97.89,93.6,95.26,88.24,90.65,95.59,99.86,94.08,97.38,98.02,97.45,96.08,95.03,102.34,99.69,98.92
2016-09,100.48,98.59,91.06,98.07,93.39,95.29,89.79,90.28,95.41,100.41,94.36,97.09,98.74,97.48,96.09,95.04,102.46,100.09,99.04
2016-10,100.39,98.57,91.02,97.84,93.08,95.07,89.91,89.68,94.97,100.38,94.25,97.05,98.68,97.36,96.17,95.89,101.54,100.3,98.7
2016-11,100.6,98.46,91.01,97.96,92.97,94.21,88.97,89.03,94.71,100.94,94.52,96.59,98.11,97.63,96.47,96.23,101.85,100.68,98.85
2016-12,100.4,97.67,90.56,97.12,92.48,94.13,89.25,87.97,94.3,100.24,94.21,95.94,97.44,97.07,95.35,96.09,101.21,100.34,98.47
2017-01,100.23,98.61,89.85,96.41,92.42,93.55,88.68,87.86,94.75,100.18,93.07,95.71,97.15,97.33,94.85,95.78,101.39,100.16,97.94
2017-02,99.83,98.25,89.51,96.04,91.88,93.38,87.72,87.7,94.43,99.59,92.33,95.7,96.5,97.04,95.04,94.75,101.82,99.63,98.69
2017-03,100.33,98.42,89.99,96.13,92.55,93.65,89.3,88.36,94.43,100.64,93.04,96.12,98.15,96.86,95.28,94.63,102.11,100.32,98.59
2017-04,100.08,98.08,89.73,95.95,92.14,93.54,89.42,88.15,94.33,100.93,93.02,96.14,98.49,96.52,95.15,95.07,101.83,100.0,98.44
2017-05,100.94,99.07,90.22,96.97,93.19,94.72,89.39,89.33,95.2,101.48,94.58,96.89,98.81,97.3,96.41,95.9,103.03,100.66,99.16
2017-06,101.22,99.39,90.09,97.52,93.59,95.49,90.35,90.12,95.51,102.18,95.25,97.09,98.65,97.49,96.62,96.31,103.4,101.14,99.43
2017-07,101.4,100.44,89.98,97.81,93.96,96.82,89.51,91.16,96.44,102.5,95.95,98.59,98.49,97.99,96.46,96.32,104.75,100.99,99.07
2017-08,101.72,101.08,91.03,98.58,94.96,97.58,89.5,92.45,97.3,102.95,96.73,99.31,98.68,98.32,96.89,96.92,105.6,101.18,100.52
2017-09,102.62,100.89,90.8,98.54,94.65,97.5,91.05,91.71,96.85,103.65,96.72,98.87,99.5,98.34,96.95,96.92,105.18,101.0,100.32
2017-10,102.56,100.91,90.98,98.36,94.51,96.97,90.93,91.28,96.39,103.51,96.84,98.72,99.52,98.32,96.91,97.65,104.74,101.48,100.27
2017-11,102.87,101.09,91.09,98.85,94.63,96.51,90.31,91.0,96.25,103.93,97.02,98.54,99.12,98.51,97.27,98.19,105.54,101.64,100.04
2017-12,103.12,101.2,90.51,98.81,94.83,96.96,90.58,90.97,96.55,103.76,97.48,98.41,98.93,98.32,97.04,98.08,105.17,101.59,99.95
2018-01,102.76,102.0,89.93,98.78,95.17,96.67,89.32,91.03,97.27,104.12,96.3,98.67,98.42,99.21,96.41,97.36,105.72,101.51,99.43
2018-02,102.79,102.07,90.68,98.96,94.92,96.74,89.15,91.78,97.12,103.85,96.86,98.97,97.62,99.18,96.97,97.36,106.55,101.64,100.53
2018-03,103.24,102.06,90.94,99.27,95.84,97.36,90.44,91.9,97.33,104.2,97.23,99.0,99.24,99.32,97.09,97.26,106.67,102.93,100.34
2018-04,103.21,102.13,91.17,99.57,95.71,97.29,91.09,91.28,97.2,104.98,97.23,99.38,99.5,99.6,97.57,97.8,107.26,103.19,100.28
2018-05,102.5,101.25,91.45,98.72,95.14,97.11,90.06,90.5,96.52,104.85,96.01,98.64,99.15,98.97,98.04,97.91,106.84,103.04,99.8
2018-06,102.53,101.14,91.64,98.67,94.98,97.06,90.88,90.29,96.54,104.61,95.98,98.15,99.07,99.13,97.97,98.08,107.56,103.47,99.82
2018-07,102.6,101.8,91.26,98.95,95.35,98.07,89.77,91.01,97.31,104.36,96.41,99.78,98.8,99.47,97.45,97.79,108.1,102.87,99.17
2018-08,102.46,101.85,91.71,99.35,95.79,98.11,89.88,90.94,97.79,104.34,96.13,99.82,98.43,99.6,97.72,98.07,109.09,103.17,100.34
2018-09,103.42,102.3,92.31,99.92,95.87,98.71,91.9,90.93,97.65,105.99,97.25,99.7,99.71,99.79,98.29,98.63,109.35,103.92,100.76
2018-10,103.11,102.19,92.13,99.24,95.17,97.99,91.68,89.96,96.7,105.71,96.67,99.23,98.83,99.31,97.87,98.72,108.86,103.73,100.23
2018-11,103.33,102.13,92.12,98.99,94.78,96.97,89.97,89.28,96.25,105.5,96.68,98.81,98.36,99.18,97.83,98.42,108.13,103.56,100.24
2018-12,103.48,102.05,91.08,98.98,94.91,97.06,90.17,89.56,96.26,105.02,97.48,98.86,98.35,99.08,97.33,98.08,107.98,103.38,100.04
2019-01,102.77,102.0,90.37,98.53,94.46,96.05,88.6,88.77,96.34,105.18,95.69,98.86,97.52,100.1,96.36,96.8,107.61,103.84,99.3
2019-02,102.12,101.55,89.74,98.31,93.74,95.6,88.01,88.64,95.67,104.64,95.5,98.92,96.76,99.66,96.51,96.33,107.08,103.3,100.27
2019-03,102.49,101.26,89.76,97.89,94.06,95.46,89.27,88.73,95.46,104.96,95.48,98.79,98.01,99.8,96.72,96.14,106.87,103.84,99.96
2019-04,101.97,100.69,89.52,97.8,93.83,95.94,89.8,88.54,95.12,105.04,95.49,98.9,97.97,99.51,97.03,96.65,107.53,103.95,99.59
2019-05,102.2,100.79,89.87,97.98,94.08,96.35,89.12,88.5,95.27,105.48,95.93,98.93,98.08,100.08,98.04,97.04,108.13,104.29,99.87
2019-06,102.26,100.91,90.14,98.13,94.46,96.81,89.59,89.11,95.45,105.15,96.24,99.03,98.16,100.11,98.32,97.02,108.27,104.54,99.82
2019-07,101.37,100.43,88.9,97.15,93.78,96.72,87.81,88.49,94.89,104.35,95.25,99.51,96.7,99.81,97.21,95.95,107.55,103.08,98.75
2019-08,101.63,100.56,89.35,98.1,94.42,96.8,87.49,89.01,95.48,104.62,95.63,100.25,96.72,100.45,97.8,96.1,109.02,103.91,99.96
2019-09,101.89,99.65,89.15,97.57,93.7,96.33,88.97,88.13,94.49,105.17,95.19,99.11,97.61,100.34,97.34,95.73,108.31,103.53,99.69
2019-10,101.87,99.8,89.22,97.5,93.39,96.12,88.81,87.62,94.15,104.9,95.2,99.28,97.25,99.82,97.17,96.44,108.0,103.6,99.48
2019-11,102.1,99.71,89.35,97.11,93.29,95.0,88.1,87.23,93.79,104.64,95.25,98.65,97.02,99.82,97.18,96.45,107.39,103.16,99.56
2019-12,102.5,99.61,88.95,96.95,93.55,95.29,88.57,87.29,93.79,104.56,95.51,98.49,96.7,99.38,96.79,96.17,106.61,102.53,99.48
2020-01,101.86,100.2,88.56,96.45,92.96,94.31,86.86,86.5,93.69,104.73,93.73,97.49,96.13,100.14,95.81,95.09,106.0,102.61,98.82
2020-02,101.5,99.59,88.5,96.34,92.38,94.05,86.06,86.19,93.04,104.38,93.62,97.54,95.22,99.85,96.13,94.5,106.11,102.49,99.63
2020-03,103.22,101.33,90.0,98.72,94.06,96.39,88.97,88.62,94.99,107.18,96.43,99.78,97.75,101.83,96.85,95.73,108.18,105.31,99.99
2020-04,103.24,101.17,88.4,98.27,93.96,96.91,88.66,87.92,95.1,107.38,96.32,100.15,97.99,102.14,96.07,96.08,107.86,104.94,99.82
2020-05,103.49,101.13,88.48,98.05,94.25,96.89,88.06,87.65,95.0,106.58,96.59,100.1,97.65,102.42,96.92,96.21,106.76,104.31,99.73
