"","pdat.date","Germany","France","Greece","Ireland","Belgium","Spain","Netherlands","Austria","Cyprus","Estonia","Italy","Latvia","Lithuania","Portugal","Slovenia","Slovak_Rep","Finland"
"1",2019-07-01,NA,NA,NA,NA,NA,NA,NA,NA,NA,NA,NA,NA,NA,NA,NA,NA,NA
"2",2019-07-02,-0.0139496991580382,-0.019252866038186,-0.00525253313488684,-0.0143392719224023,-0.0102082265454005,0.00139800122255063,-0.0102152352759332,-0.0158216786962329,-0.00419353411939087,-0.0027993201036651,-0.0208954500356566,-0.00351245743665543,-0.00352272209455535,-0.0112654391372565,-0.00395222479605125,-0.00318675848316119,-0.00802100852880322
"3",2019-07-03,-0.00815838362838595,-0.00805630450672788,-0.00327690347657795,-0.00978748544299005,-0.00997102961686367,-0.011458665517044,-0.00738190759928014,-0.0129669250555807,-0.00338143287346743,-0.00182666556590852,-0.00795623939633504,-0.00247844445517695,-0.00272100043379113,-0.00574642379048495,-0.00295632392108086,-0.00218824980764284,-0.00571186982213621
"4",2019-07-04,0.0115412703168222,0.0156886962842551,0.000255485938257522,-0.001441201229729,-0.000208034048024257,-0.0389754956245957,-0.00124168703723149,-0.000217110201672119,-0.00170221709149641,-0.00015457148647077,-0.00475141270355914,-0.000960310625730138,-0.000813987991967214,-0.000395887657663386,-0.0010296341216925,-0.000880854442525048,-0.000731083151963171
"5",2019-07-05,0.00710585373540839,0.00554783441825421,-0.00123652909770867,-0.00046449591826667,-0.00124769564423274,-0.0148732078419885,-0.00238110688605974,-9.19800522810171e-05,-0.00228136531948602,-0.000541110818201468,-0.0061208848462211,-0.00191155446549038,-0.00149262670814623,-0.00332644191699548,-0.0014642588924611,-0.00151700466085733,-0.00167101569260304
"6",2019-07-08,0.00179219220634738,0.018154313715678,0.00341533847973701,0.0094839528491994,0.0117055844394768,-0.00184250468391208,0.00533276194794112,0.011312854170533,0.000181626120396659,0.00216767627024012,0.0148909804531786,0.00207423216046055,0.00216392995721521,0.0108738876732429,0.00163260528693884,0.00199787071290148,0.00481829656946031
"7",2019-07-09,0.00917048192770339,-0.0459441539636476,0.00119366517988111,0.00251992329929402,-0.00431185904503618,0.041003287137865,0.00102087607898663,-0.000144896724583229,-0.00113550543375934,0.000574337037529,0.00546537034719206,-0.000122704889028688,1.25481256228067e-05,0.00294513115634181,-0.000128525593119212,0.00079468984051304,0.00093077925466087
"8",2019-07-10,-0.0111486936643861,-0.000196609639926061,-0.000510807212282465,-0.000986084928594602,-0.00145056361949752,-0.00673785748444196,-0.00162267025562269,0.000158284186760554,-0.00211395514284734,-0.000907114671171846,0.00323162509711816,-0.00204960856577042,-0.00143700863528109,-0.00234062715933601,-0.00125949874279032,-0.00157441462568875,-0.00110301551476367
"9",2019-07-11,-0.00598507084165477,-0.00560212773190857,-0.00181288864846974,-0.00474534223509352,-0.00674171101043559,-0.00948296454589188,-0.00374534301393697,-0.00537188015783218,-0.00255241936640619,-0.00073203043811463,-0.00551061615448255,-0.00197605503792839,-0.00183611802295958,-0.00681877089333288,-0.00191145661817709,-0.00175605761341223,-0.00278774564716357
"10",2019-07-12,0.00628209077707061,0.00639155939227874,0.00160281459466081,0.00441693698806301,0.00668477855092853,0.0060035076626463,0.00260620927343952,0.00734036191806632,-0.000976457832994018,0.00110159694134539,0.00742324210630822,-5.36730846232259e-05,0.000389585040438534,0.00252475338394465,0.00028285037109828,0.000368744297819683,0.00238574024421125
"11",2019-07-15,0.0158727944057763,-0.000468493876143229,-0.00116218381411561,-0.00187038027743912,-0.00519467583687153,-0.013351600822687,-0.00170012713685065,-0.00114105306250631,-0.00221730520939432,-0.000528316900102523,0.00362846776284064,-0.00224169144076041,-0.001590168506294,-0.00306115651479673,-0.00123105592067192,-0.00173681595390687,-0.00117275375267815
"12",2019-07-16,-0.0255454656111262,-0.00945572213956382,-0.00303527547489363,-0.00796681596335496,-0.000730346413675603,-0.00881740185805181,-0.00418462484847045,-0.00891580475093406,-0.00205290819293607,-0.000521052865344586,-0.011620510854003,0.000565362536064384,-0.000409366598874522,-0.00654955777267091,-3.68475970428778e-05,-7.69754392690694e-05,-0.0029988876914634
"13",2019-07-17,-0.00052316442038034,-0.00139834082649118,-0.000281950020829425,-0.00141411550960008,0.029930708459584,0.000630037781592997,-0.000763053894804447,-0.0010723309957203,-0.00134201496197893,5.49147613410576e-05,0.00785976801424242,0.000325734070157935,0.000129063689709573,-0.00235536526429346,-0.000281434384689233,0.000149374112581635,-0.000254919599022562
"14",2019-07-18,0.00480383490758135,0.00383869819344576,0.00204631412822783,0.00319470145462122,-0.00201080588406194,-0.00711912680231574,0.00191835514065778,0.000204399687079878,-0.000324993950002263,0.00161454230098413,0.00553278523428,0.00194654114094592,0.00190789408591163,0.0051091724665164,0.000298854994069611,0.00157427868819083,0.00207299440214244
"15",2019-07-19,5.8307824949515e-05,0.000293297255363267,-0.00224736883368824,-0.00527802115053434,-0.00602985673783871,-0.0412368139879144,-0.00413421957936332,-0.00501802126972897,-0.00293773487710616,-0.00121561220488912,-0.0120980491751995,-0.00271673226317926,-0.00231223731836326,-0.00684648266231576,-0.0019792511558794,-0.00232208625653968,-0.00330974688566581
"16",2019-07-22,0.00455519712216807,0.0208130801104229,6.78771863109035e-05,0.00088685161046792,0.00623420608512313,0.00315654081870593,0.000522854835665366,0.00349589364389501,-0.00135324204996964,0.00059250318456184,0.00341768876097228,-0.000133760892389372,1.62733646455002e-05,0.00100314158602903,-0.000388000324669791,-0.00015721721401275,0.000724252422680847
"17",2019-07-23,0.000471815219419485,-0.00565678723222444,-0.00333184209382948,-0.00927472582270954,-0.00982593051545457,-0.0148383031562235,-0.00646039282771267,-0.0103084279979879,-0.0037250318040833,-0.00223367426359936,-0.0104736113206224,-0.00390358680378002,-0.00346552866088649,-0.0131390695568391,-0.00355178478331128,-0.00378099864754161,-0.00469663447048921
"18",2019-07-24,-0.020743147264351,0.00570442095254781,-0.00631095160485691,-0.0148363652492288,-0.00604315183062827,-0.0191338500847075,-0.00654614035164364,-0.0201062394478671,-0.00375278883714975,-0.00265206498832278,-0.0182132802638512,-0.00266693287360283,-0.00314958262352129,-0.0198183328947059,-0.00381275926919484,-0.00287491338577313,-0.00278866452736096
"19",2019-07-25,0.015027494107352,0.0160894945080783,0.000130952911348899,0.00222081903579737,0.0290742850210509,0.00381652740391431,0.000453330602348073,0.00367305264250517,-0.00190534010690123,0.000128779732558281,0.00356697541205834,-0.00176870625671545,-0.00109344962616822,0.000500318223893646,-0.00136754219065326,-0.00258184990433444,0.000739380551753552
"20",2019-07-26,0.00953916206331561,-0.0389958298626987,0.000617958794012039,0.00292549423319777,0.00147197093342719,0.00917220612684532,0.00606291509751326,0.00876428965015856,-0.00172519402790688,0.000231370194845422,0.000861933523124835,-0.00142358291212069,-0.000771433580557582,0.00168482219112728,-0.00112227301778987,-0.00126923678331659,0.00508275671390448
"21",2019-07-29,0.00869107202549592,0.00639392626406703,0.00180037685292166,0.0048560684575917,0.0021807019585559,0.00885119159923495,0.00283006106251443,0.00421823366161985,-0.000571956236504534,0.00134566346047167,0.00870560612122775,0.000896153819755797,0.000982555204853881,0.00495886745497158,0.000422591640954596,0.000134967487911886,0.00263684061701278
"22",2019-07-30,-0.00591463224961858,0.00757635781441379,-0.00250846498625324,-0.00479391586063314,-0.00393563180499879,-0.0221438786085538,-0.00304847858988151,-0.00639214290141771,-0.00193449771862061,-0.000250278020693795,-0.00877016481749338,0.000468193081263457,-0.000238422989218673,-0.00849435542745392,-0.00143857577034788,-0.000558262409900823,-0.00192028303514327
"23",2019-07-31,0.0171126892341259,0.0379963614691587,0.00309440052417932,0.00720328382517467,0.00663707453382727,-0.0102884555027786,0.00431899052437347,0.00820836743549911,7.71340939669913e-05,0.00188649186790604,0.0164744174821145,0.00160892525014719,0.00204639247506634,0.00755421406305565,0.00115688346936616,0.00155455605913985,0.00383081668107402
"24",2019-08-01,0.0066069420488631,-0.0319154540012781,0.00351076727931016,0.00547497672386823,0.00781880885605095,0.0152843782704936,0.0051690224723479,0.00835218230503725,0.000185642270017987,0.0021828577831242,0.0123310676627732,0.00215268284185817,0.00513987471723298,0.00996277019956998,0.0015502334738917,0.0020545702887236,0.00454314355583132
"25",2019-08-02,0.00128984381770205,0.0093916563102865,0.00294227753868357,0.00574582333475271,0.00352367578941317,0.0217289920876537,0.00769443918513852,0.000718509660322269,0.00280823590850622,0.0044476623435745,0.0171653205743814,0.00926946573663198,0.00662180971921448,0.0127907572869539,0.00393128673691405,0.00714250389358051,0.00691463443901478
"26",2019-08-05,0.0220172251714906,0.0239680706570796,0.00708768864060437,0.0196386811663361,0.0188198507911821,0.0395917379285382,0.016710446725498,0.0141409730684046,0.00558194746362293,0.00768421866298989,0.0323819770985223,0.0138711466353452,0.0107390134968286,0.0239357404904425,0.00741636466930429,0.0111780610024589,0.014347583805345
"27",2019-08-06,-3.67186155286713e-05,0.00393897081321353,-0.000294774460527012,-0.00363430261628449,-0.00869429495973345,-0.00301111532616696,-0.00176613640259852,0.00115612299981314,-0.00287853400576194,-0.00135701473071056,0.00558238444790777,-0.00472700093676852,-0.00353225419228415,0.00168255603071777,-0.00195426842319369,-0.00484430956561103,-0.00154900821689302
"28",2019-08-07,0.0182219214657097,0.0218232856625662,0.00869458268962609,0.0135798143626853,0.0256562925774899,0.0435524052805753,0.0123353082310998,0.0153275753576911,0.00352995934793388,0.00539675795477295,0.0318497120640632,0.00770981550027933,0.00285107574995042,0.0296162084920203,0.0056930661883325,0.00676278793026381,0.0106396696523622
"29",2019-08-08,-0.00815161714774305,-0.0207116102733695,-0.0017358543472653,-0.00707670132691478,-0.00894103394352104,-0.0157961740148226,-0.00466461476709836,-0.00021695646237915,-0.00431489090545678,-0.0027341575023258,-0.00369493501424727,-0.00748757274934354,-0.00510604915997292,-0.0105900341079666,-0.00383640206043559,-0.00558347015959401,-0.00381780029779738
"30",2019-08-09,0.0069810078952691,0.0184089702955234,0.00308595217032478,0.00690029417650636,0.0114936325787924,0.00720338589911883,0.00497853449021653,0.0122169258790592,-0.000159872346094794,0.00208642957498161,0.00226322073253387,0.000963038157027768,0.0014435993669111,0.00910921074469195,0.00123725157557889,0.00129609786835344,0.00431942468467364
"31",2019-08-12,0.0267179599371983,0.0408958263710151,0.0107232740786003,0.0239504435201951,0.0143993002676954,0.041948439348429,0.0175546882996004,0.0216852109404724,0.00519237906197521,0.00763435766700817,0.0483822974093541,0.0110474600611237,0.00947003314905622,0.0359803492883091,0.00750307538481408,0.00945771622923211,0.0156128512485145
"32",2019-08-13,-0.0152696618299266,-0.0492570690336895,-0.00711111453719105,-0.0103027785689238,-0.0741110787251644,-0.0355906396461634,-0.0169450817104119,-0.0180971233388993,-0.00486772335253925,-0.00353693208260565,-0.0224963370386328,-0.00483034524429928,-0.00476614867957779,-0.0225834384562615,-0.0047870183288512,-0.00487039133091461,-0.00913842143059642
"33",2019-08-14,0.0158695501687352,0.0140895747779844,0.00552243531775497,0.0184437005105506,0.020415985864294,0.0389008339446276,0.0114253298904726,0.00879339434526967,0.00400918695582352,0.00566588598946849,0.0188706727302332,0.0115277120323592,0.00860475925653988,0.0208837492891864,0.00563760140636251,0.00924226237433075,0.0100613064448577
"34",2019-08-15,-0.000342664977328413,-0.00109673910207949,-0.00169805558418214,-0.00145297059741037,-0.00909773208731516,-0.0129971435076272,-0.00157732385866566,-0.00277701400115511,-0.00164184694028684,0.000191441427131296,0.00240044964638164,-0.000724349725879492,-0.000706104530977693,-0.00201323864656604,-0.000858752884022305,-0.000186403906808206,-0.00105294777081218
"35",2019-08-16,-0.00592835282007819,-0.00493993970814511,-0.00357406685840103,-0.00467770883219424,-0.00513940010771683,0.00379608049545916,-0.00445946468376385,-5.88905589950749e-05,-0.00354913035220219,-0.00177238419760171,-0.00456283855217895,-0.00443595376029753,-0.00339164314813272,-0.00812254966044711,-0.00278445554506759,-0.00367368517925217,-0.00366431577414478
"36",2019-08-19,0.00559478342594681,0.014902141245971,0.00253521198088468,-0.00141155076024899,-0.000332619759310135,0.0114430411089862,0.00283033554513202,0.0105674742040847,-0.00192873327059674,0.000313892389101485,0.0157666350152428,-0.00325984665164683,-0.00147842185678928,0.00926751869900403,-0.000350181592071322,-0.00201951862154703,0.00281465188658676
"37",2019-08-20,0.0101437059219622,0.0161179899005582,0.000272055982176772,-0.00750748438448349,-0.0804802131019334,-0.00904244953558648,-0.0010205522906185,0.00706765407267165,-0.00209097687079407,-0.000237871047267331,0.00327194330949814,-0.00172302151039426,-0.00134552187764206,0.000173377897785318,-0.00100982621963755,-0.000762432595966169,0.0018034201014583
"38",2019-08-21,-0.0367100368695179,-0.0362841373653945,-0.0136256640485375,-0.0238227318426783,-0.012115117848624,-0.0575661275087153,-0.0205026643093286,-0.0363276250757675,-0.00625730033552978,-0.0053417378306061,-0.0473505675105451,-0.00486386675756301,-0.00631444701968992,-0.0429956447740844,-0.007216419402328,-0.00554216697543686,-0.0163254066926746
"39",2019-08-22,-0.00670897474198922,0.0108221694251693,-0.00143198252837902,0.00161584181652628,0.0760898911691777,0.0062553946297499,-0.00366515565560085,0.000863449326330272,-0.00268363152532515,-0.000900829509417241,-0.00550082789987883,-0.00182503219952251,-0.00173912948347361,-0.0079364231842853,-0.00197645492868809,-0.00177629793624883,-0.00228768771111001
"40",2019-08-23,0.0156648613003701,0.0210999225490265,0.00377517565687993,-0.000353069059619682,0.00291199426887388,0.00503645610090562,0.00389228620331478,0.000497587450767248,-2.18408450926029e-05,0.00191481536066805,0.0123835312311673,0.00181691601943508,0.00174060380584786,0.00874394983222066,0.00129515631994697,0.00178732999493395,0.00588987488105065
"41",2019-08-26,-0.00838815007228898,0.0057442997985189,-0.000353140824042911,-0.00706765413948723,-0.00531148198263807,0.00568633785947421,-0.000440212431967223,-0.00437550300719403,-0.000758489265260593,0.00085152918147187,0.000300835394094272,0.00216274434935938,0.00120530522739249,-0.000345861554138025,0.00014547472298268,0.00148608531811823,-0.000114935906638248
"42",2019-08-27,-0.00499212520129597,-0.0083379649109968,-0.00157204462421313,-0.00563413639434008,0.001371502989525,-0.0240995820161404,-0.00398580369725453,-0.00167114011729021,-0.00267976939046709,-0.00101312945439281,-0.00213360583832109,-0.00109455639180671,-0.00144213885833864,-0.00944296329652041,-0.0020320626948126,-0.00142913507380306,-0.00303079888500686
"43",2019-08-28,-0.000634285842373026,-0.00842474914954037,-0.00172320647255473,-0.00569915456837012,-0.006642707466334,-0.00532775409922115,-0.00460827111433728,-0.0174978683883405,-0.00227716948125228,-0.000745491841726745,-0.00747660573158869,-0.000997763864597003,-0.00131183034703957,-0.00676682329613285,-0.00180399009801304,-0.00113604311067308,-0.00547043889522504
"44",2019-08-29,-0.0323888931842732,-0.0211596727134273,-0.0072340393731961,-0.0120382399859296,-0.0123167675521885,-0.0110892410119303,-0.0125862768509339,-0.0151856027941245,-0.00576640337802648,-0.00424271171695734,-0.0214544017966539,-0.00719402438621018,-0.00634357341192348,-0.0239113544740783,-0.00543473070574923,-0.00559118579396111,-0.00836986855421621
"45",2019-08-30,0.00591137375293366,0.00709998830794216,0.00271277637910226,0.00554833960247839,0.00525454383476973,0.0107955791983557,0.00266887739180999,0.00716864232382813,-0.000960828430326914,0.00100503185730736,0.00645668534747892,-9.68281168280492e-05,0.00035618715264766,0.00602144906455339,0.000463593632542491,0.000422858595963296,0.0118506156279763
"46",2019-09-02,-0.00258810242398427,-0.00143445304455726,-0.000672324539628457,-0.00527249886798871,-0.0037998816365593,-0.00479600229683237,-0.0016238093823519,-0.00214859476058871,-0.00189348233766278,-0.000226944614128842,0.00101749579511684,-0.00110353484740468,-0.000907728502859777,-0.00253889690733069,0.000608950447992454,-0.000280084882465361,-0.00107228112549728
"47",2019-09-03,0.00178789476084503,0.00258137686068541,0.000216110204676051,0.000993376516738558,-0.000347548349988374,0.00125774089473563,-0.000345450853262489,0.00239235251496823,-0.00212781826593185,-0.000329873391620183,0.00435143632026998,-0.0020366025737093,-0.0012290854757603,-0.00106675302385878,-0.000708849461788504,-0.00123237613772581,-8.32856285080475e-05
"48",2019-09-04,-0.0138285631958677,-0.0119226064633354,-0.00414796135390597,-0.0110742619568019,-0.0132415960612452,-0.0252663358924199,-0.00955473245839355,-0.00809974027436306,-0.00547067670396523,-0.00383525148755309,-0.0107480353670674,-0.00879498284262208,-0.0066654393750808,-0.0177321863658638,-0.00559850599308252,-0.00684359362752893,-0.0078002944939828
"49",2019-09-05,-0.0116805992718383,-0.00953189347403474,-0.00441940059513456,-0.0109195595090271,-0.00995349638198614,-0.020828640034206,-0.00979660640391179,-0.00731914128945828,-0.00564604524391788,-0.00399849541629111,-0.0213635402381094,-0.008376545976268,-0.00616904404558995,-0.0178244786346215,-0.00521900129327363,-0.00571639657242876,-0.00790211429795223
"50",2019-09-06,-0.000653266186056389,0.0142548908396119,0.0011006764432501,0.00176843153737326,0.00704150996602547,-0.00264285930295536,-0.00055627863090586,0.00890083882271973,-0.00276373592647812,-0.000638405414094348,0.00825089057330074,-0.0041599396046649,-0.00246565819299085,-0.000924343533056953,-0.00188139791317451,-0.0018740436502493,-0.000125381058110897
"51",2019-09-09,-0.00544097524457905,-0.00512224191909168,-0.00222528357145406,-0.00595669573796938,-0.0123045944834621,-0.0387648310691498,-0.00576790050682903,-0.0086442487702913,-0.00328072749015294,-0.00169012377331925,-0.00930501709936662,-0.00356468451245167,-0.00305138945660497,-0.0101973690296398,-0.00285031489809666,-0.00265558264698914,-0.00481762527049362
"52",2019-09-10,0.00732374507040904,0.00984773468919005,-0.000470678481230381,-0.000888011158819386,0.001698497051018,-0.00254694832141128,-0.00259631880918953,-0.00122189442297074,-0.00187292415138247,-0.000189548469884894,-0.00236975527953053,-0.000524456983323637,-0.000511476511235426,-0.00220388962799164,-0.000922684061417152,-0.000400833078161133,-0.00233769472106274
"53",2019-09-11,-0.0078062222932971,0.000203345133996235,-0.00353022153631475,-0.00791120510480876,-0.00577487602958936,-0.0100929090987213,-0.00551983783873519,-0.010785363643409,-0.0023821955979862,-0.00129618815118461,-0.00644899553757111,-0.000575630388191082,-0.00131227262245058,-0.0119087610648559,-0.00203541122617288,-0.000966513930799355,-0.00413111568348105
"54",2019-09-12,-0.016626871438009,-0.0205462889847111,-0.0057166965806889,-0.0144803782424179,-0.0137442358718282,-0.0106178311017369,-0.0101961825438692,-0.0145799974182851,-0.00507836790125122,-0.00343267676556135,-0.0112196938077038,-0.00599967584046253,-0.00541749497627653,-0.0198626957790256,-0.00497710588779634,-0.00551620731429766,-0.00722088359167431
"55",2019-09-13,0.0223808715641804,-0.0381261182604947,0.000663184750035542,-0.00336719860436088,0.000832665003224441,-0.00458641264451333,0.00512641211304586,-0.00324798092739922,-0.00136273711190791,0.000577039568325949,-0.00764747448384114,0.00122178398186703,0.00042969849582815,-0.00217765531951764,-0.00054968646187466,0.000924900525603889,0.0104103223193303
"56",2019-09-16,-0.00857567614508367,-0.00448414328982532,-0.00125535152376366,-0.00858855099522018,-0.00622783079025761,-0.0152077506930851,-0.00632006129867586,-0.00942767138288513,-0.00311587655879768,-0.00151334000084486,-0.00859600316912579,-0.0019832674349853,-0.00223495768217734,-0.0135094441948179,-0.00264129267325358,-0.00308334039438571,-0.00487524665072005
"57",2019-09-17,-0.0197669024829775,0.0107493900231136,-0.00309296342031153,-0.00796828210011928,-0.00216556435225024,-0.0185142507319917,-0.00519047902277813,-0.00919863566140924,-0.00223666233579388,-0.000816565471809121,-0.016688770193443,0.000577929736683033,-0.000633521520015645,-0.0111653004997531,-0.00179845019866606,-0.000963170902698113,-0.00403038017316489
"58",2019-09-18,0.0148796452556361,-0.00603544937777011,-0.00319537262572767,-0.00603487739424148,0.0192985244102428,-0.00515043070105017,-0.00465260408547703,0.0172843788573433,-0.00338885819097982,-0.00207848469132287,-0.00863881088459098,-0.00422839693536795,-0.00329106317278222,-0.003958845235832,-0.00318838886245156,-0.00276673650843568,-0.00352831056591575
"59",2019-09-19,-0.00625396205949424,0.00555324494666706,-0.00117346256505013,-0.00234884249436239,-5.46986833893349e-05,0.0115834881154061,-0.00257123517902902,-0.0135603030391874,-0.00247350793076887,-0.000852580703948169,-0.00350422729682468,-0.00230841166126899,-0.00175038392904481,-0.000745235175976455,-0.00174310007343148,-0.0017335784684274,-0.00166366088561277
"60",2019-09-20,0.0532250606997307,0.0997689906377736,0.0345707669049627,0.076007391320215,0.0605830555588174,0.157135385681719,0.0550219438427191,0.0656201318518241,0.0189721374481689,0.0216536435363925,0.127292501623679,0.0343291401784354,0.0287238443421931,0.110531127134954,0.0238787201663684,0.0287288963010177,0.0441238278858266
"61",2019-09-23,-0.0309368450150981,-0.0789855684546864,-0.00826614369344198,-0.013028448551198,-0.011581826842517,-0.0561389943364322,-0.0197992857429942,-0.0354753869396763,-0.00403735176474177,-0.0100003675756523,-0.0226463815212015,5.09486866141638e-05,-0.00810477288858711,-0.02829615785369,-0.00859242581525039,-0.0162511307777599,-0.0265807113978079
"62",2019-09-24,0.0254713557086115,0.026091039781583,-0.000952982723722319,0.00498772017470323,-0.0298311198037539,0.0199089156988188,0.000163425649733536,-0.00532742279368196,-0.00475475815161897,0.0047131591187145,-0.00350426106728914,0.0030802829321565,0.00345042546268765,-0.00220430841479948,0.00168347895084118,0.016269145688232,0.000629765860211682
"63",2019-09-25,0.0159455019022685,-0.00357190156302811,-0.0015259379993444,-0.00236386807240038,-0.00286996320763491,-0.00762727126750117,-0.00162142393605991,-0.00548514158731015,0.0136433813443183,0.00086686692721965,-0.00166046658238403,-0.000845211189959973,0.000730631482093618,-0.00255913189491742,0.000184135946975795,0.00349277503792767,-0.000935486369186822
"64",2019-09-26,-0.00192334125414232,-0.00361710725979409,-0.00261148357636512,-0.00569779309329109,0.00311777288511923,-0.017363673049785,-0.00358713344481633,-0.00150537272940516,-0.00279677613841135,-2.20437868296371e-05,-0.00542988419252606,-0.00213608484461526,-0.00194521482647917,-0.00850642948810124,-0.00152124740998867,0.000320536266602232,-0.00260182600569232
"65",2019-09-27,-0.00500047063134785,-0.000758313861916613,-0.00257672205332732,-0.0076571685229304,-0.00899494502405272,-0.00585856708649021,-0.00602680354883901,-0.00813587880449106,-0.00321433927470557,-0.00126695886703569,-0.00755013161602011,-0.00289329460493334,-0.00260295871535605,-0.00597238096998156,-0.00270577574707793,-0.000326595492490886,-0.00470518199432016
"66",2019-09-30,-0.000775292170445764,0.00080211069026328,0.000381052179674534,0.000260717688818371,0.00114665246730586,-0.00899033672204041,0.000786685273006045,0.00247042053174835,-0.00172942307567486,0.000433027704995228,0.0044721390067544,-0.000618007691688123,-9.54859262519384e-05,0.0034154430382281,-0.000650244461713183,-0.00455892511209616,0.000584687217699041
"67",2019-10-01,0.00184615571844736,0.000534319806167977,0.00078352238574185,0.000293272231248082,0.000101641258618269,-0.0270436066377177,0.00609717486342813,0.00406449454498262,-0.0021624247335528,0.00102041573307753,0.00288869393676235,0.0016866998911808,0.00107211340687055,0.00111534057564275,0.00013990237610838,0.000630933989324657,0.00331739269149812
"68",2019-10-02,-0.00869318056219078,-0.016154231478802,-0.00517108069209685,-0.01265472660888,-0.010875921506043,-0.00486478600485255,-0.00798950008736335,-0.0140451051742144,-0.00158445680183932,-0.00153488212834683,-0.017645263909547,-0.00100791271427622,-0.00193202344624411,-0.0111237836824687,-0.00298628434467301,-0.00552326226026526,-0.00598672725726293
"69",2019-10-03,0.0120548652276098,0.0108211880979799,0.00461936735170969,0.0123100847185664,0.00826348500190439,0.0828273533019755,0.00792788429778095,0.0126194123768337,0.000697238957842681,0.00292096374701331,0.0196010773150717,0.00279317876071881,0.00292090547446164,0.0151347692955751,0.00265478645708271,-0.000456113402855781,0.006595465719373
"70",2019-10-04,-0.00203706348825229,-0.0174087071615645,-0.00102852991703264,-0.00133164052929712,-0.0012604148087821,-0.00265350095859128,-0.00177497006855362,-0.000791110753033008,-0.00188087535035728,-0.000355846058894554,0.000877773372866388,-0.00146007589127783,-0.00121028223214968,-0.00616928359571923,-0.00114546619909834,-0.00422880409398411,-0.00120189484444064
"71",2019-10-07,7.45539493891539e-05,0.0116442940745816,0.00354579299429413,0.00915764166931654,0.00920170939269119,0.00320098740204304,0.00549083197492437,0.00873441484858832,-0.000161714275485978,0.0020901339168721,0.0134787221205694,0.00192565813877867,0.00207910975202778,0.0123022403851082,0.00166888039928776,-0.000156520838499426,0.00479706520995978
"72",2019-10-08,0.00594766434125265,0.00440107629887763,0.000861571550981645,0.00316470150761663,0.0057157839676685,-0.0354763710690193,0.00228407112663138,0.00240461231014559,-0.00171466165838485,0.00136819175572659,0.00668472522616508,0.00159941104666919,0.00131079952817192,0.00458637872861324,0.000604609565297801,-0.000161030339826339,0.00222253517557118
"73",2019-10-09,-0.007256110110816,-0.00569352950579751,-0.00198974328753584,-0.00468626096087757,-0.00712788277933486,-0.0055505012878423,-0.00350010310345072,-0.00509119020643912,-0.000848525872489893,-0.00106007668856533,-0.00376268024328124,-0.00131039140604649,-0.00138165257563589,-0.00656279573184401,-0.00183756831431285,-0.00304155294752535,-0.00256697548615712
"74",2019-10-10,-0.000894820702299799,-0.00578189212414849,-0.00156190216553558,-0.00730166224786872,-0.00035925785487701,-0.00683517675413362,-0.00404577417364386,-0.00252017182471508,-0.00290390579012261,-0.000945233585995973,-0.00436749577752647,-0.00272146928571608,-0.00228102992430177,-0.00797854866666322,-0.00210897666688859,-0.00311992929261534,-0.00304896356579004
"75",2019-10-11,-0.0152969027526696,-0.0207377507428402,-0.00734341095747433,-0.0210909883695869,-0.0144790194753621,-0.0347252896657757,-0.0150392103802336,-0.0179982084773731,-0.00631954026104237,-0.00482262606133317,-0.0249044664240685,-0.00781262287036772,-0.00712173928273238,-0.0281816919784212,-0.00647257405648382,-0.00737842924923047,-0.0120602082997581
"76",2019-10-14,0.00251535208804897,0.0227700814225342,0.00217603823440705,0.00478213687971703,0.00277594378658824,0.00745851752388936,0.00132373639564221,0.00710109210047491,-0.00164674165796268,0.000651368251249176,0.00477449121176322,-0.00146279143142181,-0.000621894123338121,0.00471783387694589,-0.000335600225534012,-0.00113780261931651,0.00182522336363381
"77",2019-10-15,-0.0349709979992987,-0.025530762582867,-0.0103146813726877,-0.0249638734376914,-0.0259957741828698,-0.0282466140240507,-0.0166963853119595,-0.0139288198694335,-0.00824511896618214,-0.00593588586464396,-0.0310359336361135,-0.00849245907645167,-0.00785411028075774,-0.0350269891849395,-0.00739629618029718,-0.00900131900587419,-0.0117305937673844
"78",2019-10-16,-0.00361109356540978,-0.00616065333452841,-0.00109478653240549,-0.00587344096981669,0.000529285369961056,0.0505660394209397,-0.00131720535417377,0.00845510919091498,-0.00160381437655414,-0.00137370002035332,-0.00583727707696933,-0.00248144499736496,-0.00214715051801382,-0.0085093348812295,-0.00239165463326209,-0.000665706369837112,-0.00291519105233595
"79",2019-10-17,0.00478418198356641,-0.0101208022289599,-0.00215292457662309,-0.00874832440141776,-0.0112971414230103,-0.0137313718512755,-0.00696026552413931,-0.00610194788742493,-0.00366078592072433,-0.00206298848206287,-0.00987181931987268,-0.00430479599864863,-0.00366521159183368,-0.0130746951425423,-0.00318390290850424,-0.00375710846844635,-0.00546939688435199
"80",2019-10-18,-0.00381671979674599,-0.00941189381443265,-0.00187309861293244,-0.00817626050470727,-0.0035702767628354,-0.00544645206076956,-0.00559589084709683,-0.00888719313409848,-0.00341860577402883,-0.00146624455518789,-0.0103784489001469,-0.00282531413795765,-0.00261391919844767,-0.011793667050206,-0.00270087728165516,-0.00181099476577174,-0.00412796300280978
"81",2019-10-21,0.0251650886511519,-0.000202603352784005,0.0012380690132635,0.00214371303986303,-0.000950887468228231,0.000494706406728955,-0.000127706799180005,-0.000695918181914363,-0.00114347157430039,0.000528457811007541,0.00116500310925394,0.000479812283922823,0.000223864174528538,0.000105262271717884,-0.000291629523173709,0.00113625011509234,3.99096611473723e-05
"82",2019-10-22,-0.0340590295232367,-0.00449391333053306,-0.00103889800518846,-0.00294273466033114,-0.00210200804283062,-0.00216964589240613,-0.00439459764109139,-0.00533508167467848,-0.00461604707092506,-0.00183543244824074,-0.0052786542190531,-0.00465329903732282,-0.00348115025441786,-0.00855581373432365,-0.00287281566643677,-0.00325620445324703,-0.00343297827244988
"83",2019-10-23,-0.00912067673876221,-0.0104502775291424,-0.00435625051414985,-0.00795874035633854,-0.0110078405330196,0.00254335043290604,-0.007382720418996,-0.015083576402897,-0.00281167168349405,-0.0024499740451954,-0.0169886225749558,-0.00461408953786824,-0.00397992783139721,-0.0150611924153729,-0.00378876254477458,-0.00379268940142503,-0.00582308623225837
"84",2019-10-24,-0.000451301807184187,-0.00441179931528024,-0.00308199974665493,-0.00528629430430289,-0.00440754210273777,-0.0138350123098123,-0.00179125140027988,0.0152722135268257,-0.00245871947780509,-0.000796981177767424,-0.00910165899178793,-0.000921682786529967,-0.00133708723489948,-0.0039200878385707,-0.00180293761076068,-0.000668662229431346,-0.00093971109734881
"85",2019-10-25,-0.0041151150149153,-0.00309670933126611,-0.00167915723681736,-0.00340602678490397,-0.0033529317914812,-0.0069220847119679,-0.00340357830461619,-0.0014716094812991,-0.0030056205902793,-0.0013403684345738,-0.00232065995103726,-0.0035896534259902,-0.0026687489902801,-0.00201290653226764,-0.00213506985072264,0.00234251855923802,-0.00256693467230192
"86",2019-10-28,-0.00132370473558173,-0.00849150913592956,-0.00232141009908394,-0.00763759877566086,-0.00609401859336476,-0.0154157974014953,-0.00580526516660731,-0.00647146374561566,-0.00348740428097444,-0.00176210647329026,-0.0110791299881914,-0.00364314509596275,-0.00306273248251551,-0.0114858990280823,-0.00282854609765832,-0.00166388309737499,-0.00435128570780892
"87",2019-10-29,0.00602076337162395,-0.00461651948878953,-0.000661525362719698,-0.00386673950765344,-0.0023940321876117,-0.00698327573794457,-0.0023724068804713,-0.00796750431645744,-0.00201510057639207,-0.000434765334975416,-0.00583042034413755,-0.000601687207996636,-0.00059150483140538,-0.00541898385912649,-0.000739858963874396,0.00324201737073072,0.00201944799743841
"88",2019-10-30,0.00317551721895427,0.00278723521409723,0.00181476264734723,0.00266924270535707,0.00316041745546446,0.00306022744153131,0.00236160874083986,-0.0126572668513291,3.90842917131562e-05,0.00183215212690518,0.00739421296619005,0.00315556055621044,0.00242417178253521,0.00458816490953032,0.000803025516506502,0.00686482992811142,0.0217625286662015
"89",2019-10-31,0.00806331564016371,-0.000683576737289401,-0.000640474258048352,-0.0015379834215063,4.57850622586462e-05,-0.0108046259928468,-0.00108488672154494,0.0123903923241902,-0.000748760625094872,0.00089513582619246,-0.00368558899460106,0.00247108347603218,0.00162351913593422,-0.00216814992400075,0.00043618205697282,0.00595291493145636,-0.0234942213660822
"90",2019-11-01,-0.00751456404657694,-0.00224510913997484,-0.000678363781798943,-0.00061240126461695,-0.00277898186763603,0.00853663874057816,-0.0031904225024149,-0.00134872893866239,-0.00292474969250446,-0.00114721914246318,-0.00167683599004878,-0.00390294292465,-0.00269865705321358,-0.00315418222531518,-0.00191841552615751,-0.00027206167430427,0.0027977438871139
"91",2019-11-04,-0.0207723924790253,-0.0466914336353201,-0.00832340652764106,-0.0190496241899071,-0.0139584970381446,-0.0406292457649363,-0.0183489362898119,-0.0256789367111974,-0.00549971123512724,-0.0038466749332357,-0.0297815380760678,-0.00561163366847005,-0.00555193768810741,-0.0277954441919325,-0.00511888199742038,-0.000392488419934603,0.0183685606417212
"92",2019-11-05,0.0246131526006769,0.0370940516345008,0.00550701105702045,0.0112714496771583,0.00564438249286715,0.0253605977855105,0.00561872782086199,0.0349507453139179,-0.000432841330778483,0.00158744399969935,0.0218120635908912,-0.000303120504866458,0.000793054371780235,0.0132898544609189,0.00141910518570266,0.00296262157674301,0.000284719636025962
"93",2019-11-06,0.00129104437466215,-0.0333037561754368,0.00131326736030097,0.000174477056514738,0.000852064938672541,0.013453324451891,0.000363284875994209,-0.000977592041646614,-0.000859323209521654,0.000976505913703418,0.000361406361567141,0.00129943046729138,0.000851427670522628,0.000458053729995156,-4.70410308507052e-05,3.6846787270671e-05,-0.0252275531208145
"94",2019-11-07,-0.0135306111968257,-0.0165146450544,-0.00463143152698887,-0.0136875441286673,-0.0105064716242979,-0.0278988613683622,-0.00828240678706264,-0.0115885177978588,-0.00488082108129535,-0.00334771510381249,-0.0170496868608312,-0.00590032037386173,-0.00517501076214513,-0.0199722890021418,-0.00473260702121496,-0.00447195784409734,-0.00658728727189565
"95",2019-11-08,-0.0140614124965612,-0.0213660520321119,-0.00648303022513255,-0.0158962543113505,-0.00202375936875563,-0.0307900069676622,0.000248501005723042,-0.0208447619447087,-0.00422186855460168,-0.0026921225237482,-0.0273216812029653,-0.00277537454513656,-0.00350375300468278,-0.0239179224943262,-0.00424827414968861,-0.0031420898786197,0.00192729124754388
"96",2019-11-11,0.0137765875994902,0.0054262439448813,0.00200678035070392,0.00584630478315307,0.0953140811966916,0.0224989854769845,0.00209957698712881,-0.00293406202914239,-0.000488828869669243,0.00121108716111513,0.00681165651023048,0.00114741965906159,0.00109916035669644,0.0059273286769583,0.000699670609483567,0.000195040344374158,0.00192270167677483
"97",2019-11-12,-0.00455616906785479,-0.00064127932572402,-0.000301608134176996,0.000219160653246771,0.00084063562701889,0.00165337925966844,0.00103263353895332,-0.00294665444902628,-0.000219981095131016,0.001328548542434,0.00245110526905253,0.0034532765250644,0.00207873869738817,0.00162806652972623,0.000738301930742488,0.00104906167561027,0.00110322300709175
"98",2019-11-13,0.0292704137780986,0.0179838672073267,0.00598990446661772,0.0143667467771665,0.0095407982841217,0.0224397345484594,0.00968753658219218,0.0125159786954571,0.00199069027043701,0.00395374657867021,0.0156835656255118,0.0052860320256499,0.00476514916917175,0.0176543042873715,0.003750399416254,0.00419326198445305,0.0083379692450454
"99",2019-11-14,0.00622098650846823,0.0183402355003051,0.00075619620035912,0.00599927571297784,0.00246211669551965,-0.0334956236613885,0.00350305889364695,0.00497047815627108,-0.000264835651679358,0.00161870571493897,0.00645065790520603,0.00154851981630282,0.00202159775143709,0.00575683338697694,0.00124329999839081,0.000718729158460044,0.00335208537074517
"100",2019-11-15,0.0198209072227091,0.0446106193134409,0.0017749436192482,0.00893251826617135,-0.00157524596720303,-0.0492125725773229,0.00507706412176646,0.00882654469717467,1.50803423260822e-05,0.00186935626993542,0.0222195045409437,0.00161575006829588,0.00430647591349553,0.0117097513082952,0.00362664434647055,0.00175769244748943,0.00426466472648356
"101",2019-11-18,-0.0163044838293473,-0.0241577074431108,-0.00414108617917187,-0.0106067716085844,-0.0620231596957786,-0.0310619901453995,-0.00650359268939451,-0.00951595722797465,-0.00290683468231468,-0.00128970549833566,-0.0158939989951832,-0.00108044560051164,-0.00175564648483405,-0.0113135030286432,-0.000579553556543835,-0.00124181879971446,-0.00470457547032821
"102",2019-11-19,-0.0134221679476037,-0.0464752483082499,-0.00363351614957101,-0.00619372958946738,0.0598702164312254,-0.00900531833579473,-0.0050068786714596,-0.0132564496111674,-0.00236158095663525,-0.00138477923166763,-0.0161062324805729,0.000212231927718149,-0.000914538958829816,-0.0106850586963432,0.0117761629470207,-0.000549772177468705,-0.00401195596038809
"103",2019-11-20,0.00702548326256178,0.005097213571336,0.00130348308507533,0.00700729062755804,0.00326643667494598,0.0259845782904839,0.00820785830930719,0.00312456872837631,-0.000356182614402053,0.00156688550960442,0.0105524066291849,0.00173456108521968,0.0014423042955459,0.00541442825545115,0.00117290075660606,0.00166110676041295,0.00509596237911802
"104",2019-11-21,-0.00308141444575703,-0.0125124204981802,-0.00481648508906565,-0.0100790776722197,-0.00785006173731625,-0.0587662481239563,-0.00687925398471004,-0.00959253992619834,-0.00338754148303986,0.00519222578504642,-0.0137567739638204,-0.00277460779011724,-0.00284773985147254,-0.0140880201736479,-0.00242203958533375,-0.00273010173526025,-0.00535070731444759
"105",2019-11-22,0.00673140384194123,-0.000215302630638197,-0.000917334011639923,-0.00118899150014394,0.00361270854368131,-0.00288819803831595,-0.00124311788552166,0.00216620777383655,-0.00227119803134116,0.0219467751701409,-0.00125761947671594,-0.00205995768184594,-0.00178460880026524,-0.00252803784951284,-0.0021330364903096,-0.000445514950612126,-0.000961043793084624
"106",2019-11-25,0.0044873106572589,-0.00127819867621308,-0.000956951427456241,-0.000438262900687328,-0.00273941922973675,-0.00224652835214304,-0.00159807209519197,-0.00129859768984231,-0.00197742499786877,0.00241889412948701,5.36395274877428e-06,-0.00123634254004867,-0.000856097090788862,-0.00238753578358524,-0.00109844366448785,-0.000708344608585686,-0.00106005503895963
"107",2019-11-26,0.00385567351523769,0.0185152288262322,0.00593580449946614,0.0148326309596226,0.00800695388898505,0.0290874459779791,0.00835829658713477,0.014232397376039,0.000670161254709557,0.00274913609900295,0.0221527002108316,0.00185789996152733,0.00317729974280892,0.0156656339066711,0.00314803708948675,0.00268897160070059,0.00706216256149187
"108",2019-11-27,-0.0221554032334254,-0.00468396142546415,-0.00184340743254409,-0.00391850368505633,-0.00435872121949549,-0.00402114423755969,-0.00271259655670621,-0.0042756315323794,-0.00202759162537586,-0.0279463613902104,-0.00652766815074483,-0.000679675780159862,-0.00155186023887494,-0.00731676796373865,-0.000989549175964275,-0.00110188726921425,-0.0018888756038897
"109",2019-11-28,0.00615291790214445,-0.00275877775219413,-0.00134055782912416,-0.00257065619964737,0.00314886225462387,0.00551589164010963,-0.00162806009453157,-0.000899405479064215,-0.00180095301937386,0.000487123365325619,-0.0035957667851965,-0.000307883791782262,0.000527926672409052,-0.00639548826225086,-0.000840312781749823,-0.000108795095589087,-0.000988474363204376
"110",2019-11-29,0.00395046047180506,-0.0035843989196361,-0.00121608037288159,-0.0029748132701242,-0.00513561011094488,-0.00537160031262332,-0.00238223481193516,-0.0041892728784189,-0.00196125028626645,0.0260078949807646,-0.0016916927548802,-0.000802702677931199,-0.0013647034225772,-0.00621797767368998,-0.00106819514739095,-0.00097580016270691,-0.00166113385406544
"111",2019-12-02,-0.000498842430712964,0.00136082043786596,0.000714985693001962,0.000553170646630127,0.000976632290583604,0.0018107263200135,-0.000619601061753628,0.00162109950337944,-0.00159194293113821,0.00478274204945891,0.00200619969168192,-0.000644027488813735,-0.000435763108787147,0.000338893601601556,-0.000526923182147035,-0.000287634492070184,-0.000270235732701085
"112",2019-12-03,0.000837385770742573,0.0122398945385111,0.00427089865381915,0.0103523633073607,0.00712563663378223,0.017578784696014,0.00353946584310964,0.00849321585473335,0.0007689515190637,0.00458667903746347,0.0172565141136134,0.00343413014715218,0.00306703971305503,0.0133265597549266,0.00223354260693098,0.00328099602371612,0.00299005496342004
"113",2019-12-04,-0.0172321576006313,-0.0133614256503633,-0.00535392855370086,-0.0104529604638161,-0.0171168687481998,-0.0345173927122157,-0.0092264227263966,-0.0110904294336039,-0.00485303974403123,-0.0153436856937028,-0.012800919840583,-0.00665448575354785,-0.00538406020345655,-0.0172377464002214,-0.00456099873497768,-0.00634436054701086,-0.00743781764944732
"114",2019-12-05,0.00714583481489608,0.0026106470835202,0.00012248619596134,0.000671133905096943,0.0105220538285729,-0.00923823627109836,-1.03794498267534e-05,0.00668014801902236,-0.00205331242766129,0.00827433777549035,-0.00090358453809212,-0.00186200542967074,-0.00111648154391134,-0.00280954396700409,-0.000774739217446087,-0.000639321020735439,0.000299213017635409
"115",2019-12-06,0.00189476266871499,-0.00335433194075258,-0.00175915860981766,-0.00368413016528318,-0.0061746002538179,-0.0155158975354948,-0.00408902758867044,-0.00151366826361479,-0.00344426060348726,0.00171943800490446,-0.00354592400775077,-0.00486396617512853,-0.0029477398047783,-0.00879900456047243,0.000494913679080908,-0.00213005522084429,-0.00305881319108036
"116",2019-12-09,-0.0137913251118954,-0.000977493994842076,0.000857593974785041,-0.00133527700444809,-0.00597143901907762,0.0053514335417122,-0.00123566331397612,-0.000299082600429555,-0.00205237959093206,0.00166438479146099,0.00362038453763951,-0.00144046712903145,-0.0010688085824336,0.00023858029116621,0.00110102064371327,5.86052286039025e-05,-0.000943789659316649
"117",2019-12-10,-0.00612548131930346,-0.0175917232082177,-0.00449105568350939,-0.0143526457361539,-0.0606291718295436,-0.0308678721804901,-0.0104777423488019,-0.0137097888380004,-0.00444152134124916,-0.0020037673512485,-0.0180499574445057,-0.00435231251335393,-0.00428290353829311,-0.0184991422505313,-0.00278430582300365,-0.00314462142664904,-0.00834412502019684
"118",2019-12-11,0.00167781955493105,0.00167664040837569,0.00113619853514628,0.000664079442626314,0.0537488827798226,-0.00234501409282664,-0.00274751191964237,0.00773749719730603,-0.00146143109284334,0.00101123822253039,0.00273649447566238,-0.000529297357133233,-0.000286810669399395,0.000423409600132832,0.000808193491590185,-0.000818653300734547,-0.00221898560761364
"119",2019-12-12,-0.00731827125704154,-0.0141768351298318,-0.00419810492890562,-0.0102206595222048,-0.0140425664939045,-0.0384433733012958,-0.0097021143021328,-0.00919847469053941,-0.00519540226602576,-0.00314903388719115,-0.0176116279249774,-0.00722245901633785,-0.00580905611715165,-0.0186157733792339,-0.003909405797023,-0.00621105115107278,-0.0078224217579344
"120",2019-12-13,-0.0170509821208087,-0.0121271803621811,-0.00379176569564115,-0.000732927079404225,-0.00273078633188474,-0.0207371971773361,-0.00937771703196003,-0.0110842962461071,-0.00575281856413811,-0.00442903369304659,-0.0113776730510007,-0.00888116675068331,-0.00652239779400619,-0.0194966620127106,-0.000163015009364529,-0.00763681798367415,-0.00758229449598736
"121",2019-12-16,0.0133537218599312,-0.00535130006423058,-0.000623152351381681,0.00121866668151312,-0.0144724789582564,-0.00145766892555556,-0.00483096012977792,-0.0195681763488313,-0.00305838727421599,-0.0152494693423603,-0.00863526666267049,-0.00364124794258711,-0.00278920347514341,-0.00751159957388025,-0.00356729039751163,-0.00228914501759984,-0.00378956062992366
"122",2019-12-17,-0.00823879099679549,-0.0034268948510535,-0.000857248502733916,-0.0066750655625314,-0.004084560115073,-0.00808332033710165,-0.00353039938893361,-0.00207059671035701,-0.00262695237427622,0.00516291360195433,-0.00507537056338264,-0.00423460769415551,-0.00264335182996916,-0.00754789174423559,0.000896241855067639,-0.00460778209929015,-0.00249402909935368
"123",2019-12-18,0.0120071772546885,-0.011230323483894,-0.00236874196030695,-0.0100583706590817,-0.00683305876349641,-0.0222257348195548,-0.0063022581953132,-0.00691697731094184,-0.0051727814375845,-0.0132472298128237,-0.00663987338482051,-0.00653823899007012,-0.00501120412830603,-0.0157869977691454,-0.00111137798795409,-0.00812555173572167,-0.00639724849221185
"124",2019-12-19,-0.0414837699693756,-0.0151214840363225,-0.00356750322433061,-0.0121478662351111,-0.037029917413073,-0.0280343564737875,0.00373920038150917,-0.0126567080310154,-0.00348353010611524,0.00903886420599758,-0.0219307930658021,-0.00233088634536087,-0.00273542981295853,-0.0167165888329208,-0.000447354880014561,-0.000191471247513716,-0.000777891965816304
"125",2019-12-20,-0.0104585825974542,-0.00135771306463055,-0.00436904408971188,-0.0101202353003177,0.0237164708421394,-0.0201802835400114,-0.00725647128555931,-0.00950210009657962,-0.00359710477325672,0.00295583219540155,-0.0154941082973771,-0.00334707989274861,-0.00316644313294785,-0.0145070702637623,-0.00161463927557509,-0.000741964956479012,0.0104887703230642
"126",2019-12-23,0.00954701028258581,0.0312014758425961,0.00223446013328238,0.00559101846414795,0.00319291834667252,0.0114350484601283,0.00255716148764212,0.00782721531815925,-0.0014578289786205,0.00327436791770117,0.0104023355360072,-0.00173190072958066,-0.000609933248802117,0.00627713915604516,0.00103399542115763,8.0469450165159e-05,-0.000372458024657829
"127",2019-12-24,0.0421204907686223,-0.0265154899852737,0.00235127301979317,0.00518668509233463,0.00383140393962108,0.0113009524990595,0.00288369293709399,0.00572565226121371,-0.000675646834570537,0.00256484245516757,0.00984978211319236,0.000582610636174072,0.000792102284812695,0.00671089928207684,0.000932327330643531,0.00139301959409557,-0.0135449272472626
"128",2019-12-25,-0.0311299652455756,-0.00184586622123181,-0.000669395133705879,-0.00151396015309649,-0.00336473711371064,-0.00257385977780296,-0.00132648051758354,-0.00181190197015619,-0.00111543925327682,0.00116416377707216,-0.000330229893741995,-8.45818591041639e-05,-0.000228790950945012,-0.0020280149313808,-0.00271654893851219,0.000887543501766849,-0.000771340090191784
"129",2019-12-26,-0.000485870780183857,-8.89194895852676e-05,-0.000355391001762168,-0.000662536326467322,0.00196304982118516,-0.000555200347573902,-0.000648363854675058,-0.000399543779027436,-0.0019088474246724,0.000639940267522742,0.000735005443976259,-0.000673131399845444,-0.000548780236910697,-0.00123558297791579,-0.000725395839201599,-6.50177768302711e-05,-0.000231484174536188
"130",2019-12-27,-0.000642261899206712,0.00804663544549801,-0.00140989662220734,-0.00273403910178634,-0.00589898885704052,-0.00592635657597851,-0.002236369471749,-0.002142219316938,-0.0021446517656773,-6.3386531053488e-05,-0.00314800651372176,-0.0013982688046893,-0.00116281683700642,-0.00564911132541951,-0.00134094532792628,-0.00117133166563668,-0.00155366556932343
"131",2019-12-30,0.0124111598810841,0.0224228008714149,6.10952502871453e-06,-0.00379932070022759,-0.031254582551807,-0.00249504952462021,-0.000248960805017561,0.000337244332978845,-0.00210507778851729,-2.12936907355542e-05,0.00341459167889758,-0.0014713328165156,-0.00104021835810695,-0.00240198780634448,-0.00103859798393815,-0.00259595169997679,7.78134347870405e-05
"132",2019-12-31,-0.00177486470276395,-0.0271627188116442,0.000914682636986302,-0.00147522237805585,0.034004685366121,0.00750620496636044,0.0065701318079589,0.00183795225345763,-0.00327166740047252,-0.00049206545762124,0.00416621473724122,-0.000566508256972952,-4.59697783725106e-05,0.00137807032416733,-0.000446042556727305,-0.000587868210914735,0.0059835131460187
"133",2020-01-01,-0.0153297428382194,0.00943624093256001,-0.00105390801071265,-0.00240858519146731,-0.000672358304548107,-0.00420120962518976,-0.00200624291633227,-0.00206571104134292,-0.00222573481193914,-0.0160948983226146,-0.00222104934510104,-0.00115455258915375,-0.000984483064547047,-0.00379321989781101,-0.00123064078082045,-0.00101133013577647,-0.00139130990061062
"134",2020-01-02,-0.00137824822374317,-0.0022270835471218,-0.00140967364423687,-0.00271162978320748,-0.00463053397945035,-0.00516099292347634,-0.00280364111366642,-0.000686612584936938,-0.00270656943933952,0.00759296346777936,-0.00314814065799623,-0.00322901477092435,-0.00238168336125107,-0.00503402342689364,-0.00196527983604846,-0.00269732038273437,-0.00228273128230293
"135",2020-01-03,0.0169122814357236,0.00308712234635304,0.00128473461761606,0.00322021034644085,0.00183982756428344,0.00795177360502105,0.00305330583066195,0.00018330828791702,0.000708579362237257,0.00597639775457444,0.00561461823560545,0.00500209011477403,0.00345982455996738,0.00623789088064584,0.00207292802413336,0.00361540011040832,0.00319775567697853
"136",2020-01-06,-0.0145954372200631,-0.0012734881430189,-0.000762689153738077,-0.00121599864299433,-0.00265427614774181,-0.00347696540881926,-0.00117324252852098,-0.00145073996249746,-0.00140558281595743,0.00274903426780307,-0.000699806942420116,-0.000155565499738628,5.97355453447529e-05,-0.00161388020086519,0.00187376027598748,0.00161407644448869,-0.000651559584471807
"137",2020-01-07,-0.00203983483672812,0.00894483379882242,0.00209834008212597,0.0061114521475885,0.00686575692607405,0.0081751768566008,0.00318546913528168,0.00737805274888873,-0.00140775725101899,0.00165716241815502,0.0096116666797947,-0.000858708671447362,-2.48328075619765e-05,0.00700484749001672,0.00333100155631528,0.000223499108110839,0.0027964616275545
"138",2020-01-08,-0.0183802384220644,-0.00782228007697844,-0.00444871481214627,-0.00823334044444818,-0.00546049629356469,-0.0154640897395792,-0.00614268746533929,-0.00792984984158528,-0.00295460811705761,-0.0173982707571016,-0.010290157442637,-0.00308341398497419,-0.00280142745021466,-0.0122270240248476,-0.00433836942786232,-0.00250278388874776,-0.00493377728052439
"139",2020-01-09,0.00767990432191428,-0.00958492231128749,-0.00429045295503421,-0.00897876061886484,-0.00379504218312133,-0.0138642003095592,-0.00477669567467833,-0.00727483058948793,-0.00386703638366493,0.0112098974329458,-0.0108270571568111,-0.00455405334365358,-0.00379845797813738,-0.0136458615671553,-0.00358666748742354,-0.00390709611783639,-0.00339161696659445
"140",2020-01-10,-0.0187672007616251,-0.0109961094751735,-0.00465219105603109,-0.0104113411265917,-0.0112348266477048,-0.018967846972519,0.00446582242816836,-0.00977688638790834,-0.00404133677133666,-0.000637211920236324,-0.00687160806705162,-0.00454261231509686,-0.0040360498338229,-0.0164679449422691,-0.00482306100540628,-0.00370639075504757,0.00459245155910347
"141",2020-01-13,0.00882234436040326,0.0047928741879406,0.00126284723875423,0.00416425148575643,0.00139386430120442,0.016719763245388,0.00106540358952046,0.00369713978556687,-0.00084582411189831,0.00190996900875793,0.00325374039424758,0.000408023553771256,0.000600413432787123,0.00454636415492846,0.000177301252227981,0.000297666388660032,0.0020169688879993
"142",2020-01-14,0.0097474648502721,-0.00304805086536846,-0.00142429437285387,-0.00237789245730208,0.00115799553654556,-0.00424011346523995,-0.00760408882944906,-0.00346933540136135,-0.00140374881116045,-0.0165977892752923,-0.000626905083855829,0.00073480960779897,0.000396445586286471,-0.00295149214613535,0.00349573253691574,0.000799981819500646,-0.000749733230115315
"143",2020-01-15,0.0180723325487658,0.0102759635421029,0.00259168249073834,0.00710530654792531,0.00141636603255893,0.00719997470959892,0.00311340629382168,0.00948357047469478,-0.00103698679712694,0.000809023898152026,0.010058432591904,-0.00138565298968266,-0.000160659924373538,0.00836877742095581,0.00245438764120742,0.000230709047956232,0.00291366099613009
"144",2020-01-16,-0.0357738947988266,0.00535793099887178,0.00120644654727461,0.00411355258267941,-0.00127102684834341,0.00464256326501873,0.00249916135681486,0.0129248752044072,-0.000529295431162027,5.4162894406776e-05,0.00686649773957196,0.00125490982200751,0.00137594839386262,0.00583602362107071,0.00189429281097359,0.00161842359429811,0.00236572258747247
"145",2020-01-17,0.0167926926552692,-0.00800841636941462,-0.00346578979334942,-0.00703386275626016,-0.0432270980967104,-0.0136004765676448,-0.00519670457342489,0.0354005676056813,-0.00336273275707959,-0.0276463246759767,-0.00681795240416435,-0.00357286703329036,-0.00298769574288578,-0.0106733684631776,-0.00749003704140598,-0.00275246024820799,-0.00399985039382758
"146",2020-01-20,-0.0127845889004628,-0.00466265489376765,-0.00154607259296843,-0.00407987782158511,0.0412646933921555,-0.00760976704561448,-0.00289924472165609,-0.00399783109739336,-0.00219929050307606,-0.000754209119061321,-0.00351048911498286,-0.0011238153977545,-0.00114989930777273,-0.00585728017082315,-0.00280040958617822,-0.00103627014167983,-0.00210273298818923
"147",2020-01-21,0.033146693737579,0.0121488926156081,0.00418064177791225,0.00960470105102997,0.00573481015759684,0.0206178517011281,0.00659096369933607,0.00846519649019413,0.000992999193596455,0.00291778575893458,0.0135561631770429,0.00404033531578123,0.00340916873204497,0.0139345097186975,-0.00120371866328879,0.0032912993136361,0.00557526163771817
"148",2020-01-22,-0.0280770572214268,-0.00794906131907684,-0.00341458340788092,-0.00641468920780599,-0.00642119503650227,-0.012538868342603,-0.00434949578108198,-0.00711668486842566,-0.00226023215314016,-0.000711495974968784,-0.011331270959174,-0.000767538549241627,-0.000973645404869528,-0.0086044946759927,-0.00351215249140519,-0.00112661654692445,-0.00303221796518318
"149",2020-01-23,0.0250656669199916,-0.0036950471206291,-0.000973400620356575,-0.00264186498977236,0.00190061248388202,-0.00425550910389621,-0.00105985829940463,-0.00445890099306741,-0.00115065807151862,0.000448340911477979,0.00389835634132453,0.0015769414953465,0.00252690987069714,-0.00282621762847046,0.00593366302201416,0.00303672915624204,-0.000625838346932435
"150",2020-01-24,0.00501275507673887,0.00209046392422029,0.00156781030113211,0.00220225298452398,0.00193740721087804,0.00592481464552559,0.00216031319938134,-0.000612672589868681,0.000338671422590624,0.000594996116900336,0.00450509950775448,0.00421741049357808,0.0035117383215426,0.00453392769664748,-0.00173983404650251,0.00434588270208282,0.00245302845959964
"151",2020-01-27,0.000164726029114158,-0.0020402352230621,0.00109549939496913,-0.000818347858236336,0.0016607805639464,0.00304864936338935,0.000925677817365609,-0.00450391632565261,0.000213286988503011,0.00203318864139124,0.00593117751320839,0.00481835799428152,0.00288784369332125,0.000943173432266915,-0.00222784071126432,0.00356309100025231,0.00129496077883368
"152",2020-01-28,-0.029951222094105,-0.0210781642613972,-0.00688524605750701,-0.0185355513818223,-0.0145178091283024,-0.0221761288520514,-0.0121641360871411,-0.0202824491909297,-0.00436419080995938,-0.002940036285772,-0.02957433660399,-0.0027295155170926,-0.00366830431464943,-0.0221295963806551,-0.00706169148238594,-0.00348156464137394,-0.00537781692645661
"153",2020-01-29,0.000140217329037533,0.00826665950619806,0.000389373541449911,0.000142619990986163,0.00580019919038054,0.0251913001429566,-0.00269289029746706,0.0037439184558352,-0.00306955634105359,-0.000923956384228095,0.00513339506844464,-0.00489696871124767,-0.00306384375343229,0.00397824131059257,-0.00392667180543132,-0.00337479269785996,0.0202992840417663
"154",2020-01-30,0.0123862382292289,-0.00707774447870815,0.00045324327487546,0.000879209275493197,-0.00509175926285086,0.0180091066752376,-0.000340593532849882,0.00157745120426676,-0.00141785833943452,0.000384841185834232,0.000182975766258892,-0.000582976186383548,-0.000297265881315821,0.00362300604567343,-0.00163808128632267,-0.00712553048814116,-0.0183116782909822
"155",2020-01-31,-0.0180013552019729,-0.00842682245089425,-0.00233558893257965,-0.00657655145626541,-0.00178732485459993,-0.012021226017484,-0.0036917165362022,-0.00829968297250294,-0.0013166890594762,-0.00010236435469196,-0.00696398138601778,0.000776025889666751,-0.000195173020845679,-0.000173413404532535,-0.00217405302588113,0.00517223056403664,-0.00240288806724824
"156",2020-02-03,-0.00547780870260498,-0.00834972359380443,-0.00259741639570442,-0.00664339201297355,-0.00785191749721945,-0.00864524049791096,-0.00443074824678476,-0.00762887170549407,-0.00243161041395602,-0.000741523465146838,-0.00923256935836502,-0.000647569933035743,-0.00105793133739706,-0.0032105285252638,-0.00204195849109753,0.00185016271187376,-0.00351655606947935
"157",2020-02-04,-0.00827415383859724,-0.0053938547429875,-0.00219449403741141,-0.00648075987561692,-0.000324047751146855,-0.000516801581275456,-0.00679683051191252,-0.000473924482888764,-0.00576102286456587,-0.00437310837589036,-0.00626968921260353,-0.0102942305717068,-0.00616382592922454,-0.0129088789520027,-0.00495140509706304,-0.00472930093499522,-0.0082710339461911
"158",2020-02-05,-0.00421721409785216,-0.0176194799433655,-0.00590760183603798,-0.0178717260044971,-0.0108352527752209,-0.0244553926657188,-0.012575102655237,-0.0146317506304894,-0.00625610170012916,-0.00467034330770869,-0.0223480255971554,-0.0084781245588591,-0.00823775384667145,-0.0264592319772514,-0.00369522801884257,-0.00885456108102817,-0.0269363533467758
"159",2020-02-06,-0.00270680290064171,0.00246874792039273,-0.00110694808385275,-0.00494277989283896,-0.00376902652947938,0.0282209311395704,-0.00104126873537319,-0.00599178725240585,-0.00163074794621169,0.000203297398813383,-0.00800694623911959,0.00077968316081434,-1.14658424422184e-05,-0.00581702577229497,0.000298935360610301,0.0032551835978936,0.000569251743690654
"160",2020-02-07,0.00651053535717012,0.00541849737618699,0.00201542931345297,0.00461363309928907,0.00163796152223094,0.0221268107868975,0.00363091171350555,0.00241785856210579,0.000488961382584004,0.00253494672717674,0.0107440002244279,0.00429831747481063,0.00309485945227428,0.0075258161137877,0.00367653855842653,5.36422907793144e-05,0.0185544815262833
"161",2020-02-10,-0.0179912925460363,-0.0115171138652679,-0.00362227248338961,-0.00195872720231336,-0.00771813731683101,-0.0159862272351117,-0.00491254221860763,-0.0110334384323084,-0.00296516963489713,-0.000282838196396821,-0.0113731756248149,0.00111643939765666,-6.39542711195706e-05,-0.0105702967310049,-0.00047343200697157,-0.00139854396640104,-0.00337959430067711
"162",2020-02-11,-0.00592515677981674,-0.0218882865967163,-0.00865454259605388,-0.0144647467228067,-0.0128023665523125,-0.0289162992880064,-0.0138199914990018,-0.0196306083733787,-0.00563408597969939,-0.00444902856978167,-0.0308396260461093,-0.00652339594520736,-0.00523427726062184,-0.0200934676550273,-0.00710828546475483,-0.00774458353407044,-0.0112514651331118
"163",2020-02-12,-0.0123902793358132,-0.0130233924755839,-0.00749681400304813,-0.0152477746328404,-0.00762319885060349,0.0151341443891334,-0.00962310515904782,-0.0175826712856529,-0.00485486858145547,-0.00356263405606078,-0.024689634516445,-0.0049595095583631,-0.00601661371765852,-0.0188938100755343,-0.00149103232783191,-0.00617816312830411,-0.00906550858803208
"164",2020-02-13,0.0159021270553473,0.0200054526994762,0.00694319004489891,0.0178408429813439,0.0117329968032318,0.0539374743608978,0.0234035234487989,0.0150902977207728,0.00205353936733945,0.0038784965813636,0.0271233497308703,0.00486104909960496,0.00458232645209355,0.021983651277436,0.0062280936135921,0.00414624709144671,0.00764095543307214
"165",2020-02-14,-0.0152691714063722,-0.0208881099642125,-0.00774737573380333,-0.0175772722365916,-0.0162017399987145,-0.0759931764859472,-0.0119807399978409,-0.0161526060078581,-0.00530299383053875,-0.00377045772722233,-0.028251102634855,-0.00589988484965126,-0.00552011359530613,-0.0252651819035767,-0.000869052367029135,-0.00442263543591735,-0.0240198291247707
"166",2020-02-17,-0.00639199282098868,-0.00857925397954981,-0.00292724031074521,-0.00693365824201541,-0.00202338502400137,0.0594845255866963,-0.00127577931523001,-0.00747884723505918,-0.00236019954942007,-0.00110225141430218,-0.00793644829391157,-0.0011689625149074,-0.00138151124626462,-0.00943262613146057,-0.00176988842058492,-0.00163641081414623,0.0133264030326932
"167",2020-02-18,0.0017411753865466,0.00487455489656038,0.00169862756942774,0.00380757645464403,0.0274626828983734,0.0396288833746042,0.00269970361253029,0.00311380894824041,-0.000408523422978671,0.00144216386928507,0.00511393870118107,0.00175016828531455,0.00243339960988895,0.00541829536588823,-0.00761036115474251,-5.41408745938911e-05,0.00236490274634807
"168",2020-02-19,0.00159284066392242,0.0066129936441443,0.00181946692445159,0.00459409461719681,0.0016538852682259,0.00950702360487744,0.00187197371419007,0.00588290201434264,-0.00106377037111784,0.000853956664530315,0.00993083796504788,-0.000721052878658545,-0.00123185778292167,0.00556381310651145,-0.00104054882740986,-0.000413439900269144,-0.000776712349670416
"169",2020-02-20,-0.0207611961903576,-0.0079507282311776,-0.00282552153211729,-0.00550820011054149,-0.00215149936846615,-0.0107804994643653,-0.0026041486211567,-0.00854374391525491,-0.0012424562464709,0.000536150580708655,-0.00782750848587666,0.00213600628901956,0.000768835568192814,-0.00669533807474881,0.00287066425094777,0.00276431300956233,-0.0156488666703923
"170",2020-02-21,0.0250282541146277,0.0109202387765916,0.00334092600827241,0.00845208578627735,0.00558509311668928,0.00727285392225467,0.00487506248339694,0.00841360151074432,0.000192577583467287,0.00205196301869347,0.0156688781446981,0.00191119972751658,0.00197346311014944,0.0110643285334731,0.00136961473084813,0.00176840990031887,0.0210361292314897
"171",2020-02-24,-0.00161160290516364,0.0228637846952955,0.00589686519238174,0.0188880142664212,0.0169366439299123,0.00107419641495201,0.0141242612664542,0.0145147115785053,0.00453222569334046,0.00649779460878437,0.0250044593500706,0.0111611029575989,0.00903380577908389,0.0293063824525785,0.00716940852481631,0.00960711789792022,0.0120949796658734
"172",2020-02-25,0.0225869950885724,0.0313773553467367,0.00825595103360335,0.0249262099612992,0.0249499115766176,0.00436533361773529,0.0148749012376213,0.0232467435917207,0.00406382553219499,0.00601109401333151,0.039404924774609,0.00822517622795591,0.00855470153982853,0.0271493281990253,0.00739935299778047,0.00680818975144646,0.0122689042798228
"173",2020-02-26,0.0152446277311072,0.0346569033975713,0.0095464440134712,0.0258465070395016,0.0191492602307796,-0.0136161338947581,0.0178638021113947,0.0241333567445364,0.00505921922028135,0.00715457254737127,0.0450989208360906,0.00999680020993982,0.00794235926926757,0.0266911433767469,0.00771644804479862,0.00960559607064488,0.0147650918464397
"174",2020-02-27,0.0633989577629723,0.0428443136713332,0.0125689953602932,0.0319533226008974,0.0228480636027608,0.0368428609248812,0.0181195062811929,0.0246247947689658,0.00960962893131544,0.0115489189196677,0.0455866278284525,0.0206100110315292,0.0171239434439244,0.0429695354509761,0.00909537899417227,0.0174979327589268,0.0132360270296992
"175",2020-02-28,0.0531332432140473,0.0690001781372938,0.0168348066087535,0.0474720627144517,0.042560893996156,0.115344370864531,0.0325345510417813,0.025764399606035,0.0158049540573829,0.0182399963674886,0.0810249565871885,0.0329158575831975,0.0260605367338935,0.0660490603587962,0.0183780288804354,0.026059859229198,0.0329591683811175
"176",2020-03-02,0.0305515866432084,0.0522486706078223,0.00917290090721575,0.0369376453769569,-0.0185468198281337,0.0174637482338797,0.00339309113126236,0.0338159777473627,0.00232460511571615,0.00496448108321054,0.0561289212615229,0.00159767188121087,0.00493281765631665,0.0337196060463273,0.00791529815348985,-0.000487415442247454,0.00362330073851744
"177",2020-03-03,-0.0418615030852034,-0.0246426012463551,0.00139181752742952,0.00832950084139702,0.015950705029305,-0.128183957775101,-0.0108791406865804,-0.0152709547978528,-0.00226718196758673,-0.00103024458945568,0.0138114493187485,-0.00264105712238588,-0.0030376540573929,0.000448830182790595,-0.00452606777799466,-0.00274135176549821,0.000817028155653381
"178",2020-03-04,-0.0353389263163064,0.00860807570082911,0.00331679919207299,0.00668061357457678,-0.0152775833786612,0.0394816739260897,0.0022496198168677,-0.0106287711928069,-0.0015070499673514,0.00110519172535744,0.00606148525913289,-0.000612600490496533,2.589462544881e-05,0.00849301107876246,-0.0012730889109158,0.000149141520125921,0.00171672890756713
"179",2020-03-05,-0.00494544362207003,0.0114821410877814,0.00586605150687003,0.00667839985546325,0.0226606765319891,0.0273087963386517,0.0129233254615536,0.00994108757981784,-0.00407746118441823,0.00605305651871869,0.0242753628963704,0.0112768813424985,0.00750428833098242,0.0236447736017083,0.00740802794592753,0.00852144428663432,0.0113500156506883
"180",2020-03-06,0.0440700954694148,0.0476020306206566,0.0218169922112753,0.0468562484955062,0.0325742893560606,0.107369513106233,0.0390910932284806,0.0463355532302521,0.0226523644898245,0.0164244003022596,0.0852755067654119,0.0274477630000477,0.0225237972100389,0.0710471899812527,0.0185158524910456,0.0232219884012915,0.0328265202486552
"181",2020-03-09,0.023053500014392,0.112936935724665,0.0297127726221879,0.0728338241387857,-0.00741919165387311,0.145247255293968,0.0644495755941707,0.0680740091158455,0.0201326091024364,0.0241168365775971,0.155120964328873,0.036560424009508,0.032180879822251,0.127593264501569,0.0279393865028806,0.0319394861137961,0.046086867547069
"182",2020-03-10,0.0145225211032732,0.128267021824254,0.0588064795492116,0.130437342684788,0.094269693307541,0.274063627116686,0.0933211355230844,0.109919615409263,0.0221965646519464,0.0374104859920627,0.209511375609127,0.0568668719768487,0.0500871007270028,0.192839940324351,0.0432414974298767,0.0498820702661201,0.039303152898877
"183",2020-03-11,0.133875363645051,-0.162933868482,0.00733777190996721,0.0124472331139252,-0.142177489476978,-0.0651337508059746,-0.041621329095368,-0.100480776941851,0.00575590115110511,0.00765046320524185,0.0360963375495831,0.0176827412604103,0.0111113558185886,0.00855457554267862,0.00927487341586579,0.0126286049681831,0.0119040730150207
"184",2020-03-12,0.10143487799334,0.0635494378680908,0.0359107398877779,0.0761526203694446,0.0700967386302495,0.186319879448158,0.0620063905467901,0.063703609596906,0.0249498728949944,0.0283561466517691,0.146741181249572,0.0515547012065602,0.0414402119084638,0.116664076343036,0.0323403742257893,0.0417614750392234,0.0534868857933917
"185",2020-03-13,-0.0616201181298212,0.0572167731814884,0.00780655715624735,0.00398205341875944,-0.0342340201320866,0.0564229739410348,-0.00895566437724435,0.0317117887094497,-0.0133213547644963,0.00442222108886263,0.0375500915285326,0.00167683116004608,0.00494288659657385,0.0228490610105344,0.00448015038010488,-0.00303175968478623,-0.00594123258181112
"186",2020-03-16,0.152979189994193,0.144072271855727,0.0533349482508417,0.116470805329528,0.0511491196540386,0.218654336072287,0.102217593314382,0.127083021431083,0.0259916919017942,0.0300448767858657,0.198876878139281,0.0395198784801118,0.0374285871466097,0.162041279183233,0.0321316579347402,0.0192721477808676,0.0482256651673843
"187",2020-03-17,-0.0828403015548216,0.00396116600819212,0.0218620835247357,0.0500201484338612,-0.0301596039403852,-0.0291718108020117,0.00864228627379096,0.0557679183381338,0.0105368463840573,0.0126236083335489,0.106489287109919,0.0136228289369952,0.0143728344836838,0.0529541402358003,0.0145343838366323,0.0127217471004376,0.0250674983114224
"188",2020-03-18,0.013632529948839,0.0349246761054341,0.0247360779545691,0.0466039838365388,0.0182710880622082,0.0923347220290503,0.0400139938912237,0.0104032962616444,0.0268965073862183,0.0162208576520343,0.10808858714063,0.026978954163413,0.0215269970525594,0.0801356763203317,0.0150876115732785,0.0260870156570675,-0.00941278959382487
"189",2020-03-19,-0.0726672380899625,-0.146516388486351,-0.0301108053088973,-0.0984614581867649,-0.111300429857205,-0.320841587527901,-0.086270028454008,-0.171559692919584,-0.026611209477213,-0.0137194479584348,-0.17414842951288,-0.00445533586478271,-0.0126463443384566,-0.125158299828597,-0.0174726048446122,0.00443525521427451,-0.0562075143916463
"190",2020-03-20,0.10761898348195,0.0816650379054194,0.0312393953516665,0.0563031010656223,0.0775339795776484,0.108752773830693,0.0334848645617798,0.0289256092861069,0.0219428564802425,0.0369799430878666,0.112028914559068,0.0142147624929106,0.0132339104163054,0.0697523736900138,0.0116662693031214,0.0106511296313225,0.0449625348554
"191",2020-03-23,-0.047884287566276,-0.0194881554886201,-0.00676130907756986,-0.00543012144909626,-0.0278739038975927,0.0386235312479425,-0.0196179995777133,-0.0508337342554844,-0.0137601638815973,-0.0162850553124183,-0.0256533489922172,0.00607115526514759,-0.00161726550046577,-0.00698104579129152,-0.0125063575687849,-0.0233756109054644,-0.014908956731925
"192",2020-03-24,-0.0958907761943978,-0.0446809203923557,-0.0307382343583398,-0.0606154397714156,-0.0438393329264455,-0.126449393569796,-0.0551437009096923,-0.0424942890752636,-0.018456287332315,-0.000756051179063827,-0.104750265456807,-0.0279571616669084,-0.0230997988481658,-0.0857447441724479,-0.020844269123114,-0.0239581053459354,-0.043077593336878
"193",2020-03-25,-0.0348405872077178,-0.026062484854884,-0.0182357205242333,-0.0412855958469061,0.0462888472377497,-0.102490895483909,-0.0405128483333372,0.0491898963804314,-0.00492131273870297,-0.0438172276747005,-0.0720606774689411,-0.0394866936977484,-0.0308794377184424,-0.0645646659854579,-0.0217911209117452,-0.0342560674598724,-0.0216056460658468
"194",2020-03-26,-0.076246495205269,-0.0840504630893869,-0.0298714122304505,-0.0841962981038421,-0.029585056426664,-0.141234716859237,-0.0593880264926288,-0.0895223773494026,-0.0206618044639275,0.0071216642652603,-0.135310841202173,-0.0288128235602662,-0.0278113842430875,-0.114715305435723,-0.0251677111829805,-0.0293678591195585,-0.0495072514735468
"195",2020-03-27,0.0389496917457188,0.0443048163183657,0.0136112632453347,0.0280996465293302,0.0574731762631512,0.185854286194753,0.0306973630005108,0.0172604369462562,0.00693958212858136,0.0128808066057481,0.032618055162248,0.0146850211671494,0.0111688548029557,0.045617038479415,0.0144861141192642,0.0118529983688937,0.0209903352387889
"196",2020-03-30,0.0288576127554109,0.0131806318357245,0.00773997867660557,0.0305011220736517,0.0200010621207504,0.0469652663941868,0.0265438527741335,0.0238537182286223,0.00731488771947709,0.0118712314924439,0.0431572007528749,0.0152481630082214,0.0123137361472187,0.0396498832535106,0.00655559853202954,0.0126624400644086,0.0186832702701552
"197",2020-03-31,0.0282901322345878,0.0583425128459887,0.0194673859577754,0.0412636013818273,-0.0158011322687905,0.0489207436915128,0.0586024606738226,0.0595716589924804,0.00577883390600616,0.010282316799915,0.0861056233529491,0.00574649397413184,0.00867098863473465,0.0604843147647393,0.00979038146782664,0.0065330538380337,0.0258030751742372
"198",2020-04-01,-0.0282944694859963,-0.0414105900687264,-0.0085315880612256,-0.0252887593011166,-0.11276233487117,-0.0468877192182693,-0.00518134879075491,-0.0217941814224812,0.000167136076571879,0.0021998260016377,-0.0207323117930306,0.00784229315809546,0.00409807476510802,-0.0173550662866127,-0.00123254596554061,0.00476378384778632,-0.00338586346489442
"199",2020-04-02,-0.000213318159826726,0.0304822201499995,0.00138609019922378,0.0147597445479359,0.126599585161165,0.0152486797341784,0.000320141390025864,0.00507707691452154,0.000596042400682748,0.00313363796921721,0.0177682294452405,0.00374102963367388,0.00349359319337342,0.0104833543728375,-0.000114761026627636,0.00277957585855678,0.00445175217567547
"200",2020-04-03,0.00847264779791076,-0.0109233045294237,0.00736059364763616,0.0293942610544472,0.0148227878044527,0.0400989288435485,-0.0143912887438529,0.021310401770285,0.00278204542942137,0.00503571463118029,0.0296430943584971,0.00572282141079498,0.0059109824584347,0.0242105214757088,0.00425372279144477,0.00498272413463321,0.0105757021577955
"201",2020-04-06,-0.017070940406949,-0.021861320709468,-0.00902653027298321,-0.0172042425782771,-0.0111750115170414,-0.0486952327584816,-0.0123342595940334,-0.0181897343756219,-0.00428576816062274,-0.0026959690580019,-0.0257053360218696,-0.00311618392325251,-0.00363784960601821,-0.0271586551608636,-0.00451480728799437,-0.00362456616539681,-0.013946637272189
"202",2020-04-07,-0.0156855085765305,0.0394791069710372,-0.00326993623795798,-0.00845882829297731,-0.00711172005380795,-0.0281296731614231,0.023341102599283,-0.00310358850131917,-0.00464353860512755,-0.00325199357010974,-0.011591857559238,-0.00743667177537218,-0.00561268525682129,-0.0143213847702348,-0.00453617606915152,-0.00743273045038014,-0.00513667566093971
"203",2020-04-08,0.0260703884032522,0.0270282099967925,0.0126137454898384,0.0259124130187269,0.0127716977277266,0.0533027094520533,0.0180109773788645,0.0274861883853302,0.00309305400231522,0.00462140955592519,0.0399319466301351,0.00398174818468366,0.00445975281983984,0.0349699672506983,0.00453330240628321,0.00350761146330551,0.0175379464485613
"204",2020-04-09,-0.0186306409384422,-0.0249865300615347,-0.00210502918774215,-0.00675518052736149,-0.0453698495271463,-0.0152717845445753,-0.0394142159203317,0.00146147662768304,-0.00726535464865134,-0.0177747463841187,-0.0105959592171219,-0.0145998882438829,-0.0104055427855828,-0.0150062337922256,-0.00680883376019525,-0.0112755088842056,-0.0127223020285582
"205",2020-04-10,-0.0054819266785475,0.00775640153526815,0.00246323357741575,0.00512566534212559,0.00169883150099,0.0103086650619407,0.00185294283524367,0.00805433207387743,-0.00163184758405782,0.00547005710662184,0.010494769029695,-0.0023796749643858,-0.00128653797362291,0.00531969395795315,-0.000540634457198807,-0.00153625453658447,0.00163625268922027
"206",2020-04-13,-0.0150724418383163,-0.0188107043613213,-0.00692453633515686,-0.0156146145529641,-0.0104428973373382,-0.0315653020945671,-0.00640302979788325,-0.0128152395574595,-0.00500436310674503,-0.0321555010531404,-0.0236664462983007,-0.00569225172543,-0.00535085478082434,-0.0226978940067271,-0.00494434163102838,-0.00497475272467029,-0.00878419675313282
"207",2020-04-14,0.0122636150475659,0.0203039428427141,0.00436936741146084,0.0148446385273553,0.0081773701851079,0.0203799630592487,0.0363194717369912,0.018019868311372,-2.09382262727287e-05,0.0303126187671847,0.0161096439662583,-0.000290580824719458,0.00110226894772975,0.0117084477179488,0.00174853602397429,-0.000460088308708598,0.00806577857612489
"208",2020-04-15,0.0279274773339452,0.0402719706807186,0.0111249694431201,0.0324507834709324,0.0225696439608284,0.0287219321743505,0.0233809200778409,0.0282184973800016,0.00609704131061521,0.0120152316006723,0.0453533531451861,0.0113951908882487,0.0103068979988441,0.0351318688890921,0.00865082135690625,0.0111402830059032,0.026267858263661
"209",2020-04-16,0.00275868187950441,0.0109384608184632,0.00193190904534716,0.00914800017191224,0.00740030258430844,-0.0189096828076347,-0.027668740787179,0.00706867239020564,0.00128584346783196,0.00518574579302471,0.018080515134022,0.00496088245931407,0.00405482097251871,0.00921220199524114,0.00245191942904751,0.00415476310928661,0.00578626157504716
"210",2020-04-17,0.00450755565332934,0.00603613558696142,0.00329270505739827,0.00934923735924514,0.00384104162778038,-0.00262081865289062,0.0054538700396414,0.00306913892401726,-6.41128764536122e-05,0.00305592340956916,0.0202061810780706,0.00115006988509349,0.00172484497358119,0.0121835119141804,0.00147136714728229,0.00149842614610263,0.00473204301083947
"211",2020-04-20,0.0193101432453399,0.00208883826948831,0.00623698787712809,0.0167386156726914,-0.0190145542241229,0.0469795885718354,0.0122921745295676,-0.0227768453034802,0.00202867486835646,0.00463225425483817,0.0230200867693035,0.00467383860057463,0.00465024618143566,0.0193238190100739,0.0039065965048288,0.00450107722381508,0.00914443700903817
"212",2020-04-21,0.0291769263081347,0.0186001509846164,0.00807045806190551,0.0236247676577149,0.0185398110536557,-0.0023028370804597,0.0257625356452762,0.0182303492540971,0.00516640550680028,0.00749129507400383,0.0352331251524089,0.0120210418933088,0.0099990144277709,0.0288444865804821,0.0074742927966847,0.0100774780034958,0.0123899000674793
"213",2020-04-22,0.010401524813118,0.00428239934344501,0.00854667763175297,0.0196311838042117,0.0119946949306747,0.0579738846978191,0.00786204431702339,0.0244270061527094,0.00254331750658973,0.00507466790782882,0.0485069845577471,0.00402357685547412,0.00486335722713411,0.0289010038248763,0.00470607940338447,0.00430910684503041,-0.00580730266692091
"214",2020-04-23,-0.0746521965756893,-0.0490642152938937,-0.0235342977674091,-0.0531836440188115,-0.0587826660578103,-0.147436962188344,-0.0362859369312549,-0.0599385986109267,-0.0109307815718736,-0.0101808337842826,-0.0865042960259866,-0.0101170075668038,-0.0121830442822215,-0.0783900483919347,-0.013114382573596,-0.0113392457848315,-0.0539947543135016
"215",2020-04-24,0.0176069536972179,0.0346258577721872,0.00322885759682388,0.0066513904628589,0.060001060669626,0.0868891432862476,0.00337521893233459,0.00049326892115113,0.00132542256803961,0.00243080998541147,0.0078143981157862,0.00447843452620742,0.00187286843934404,0.0105454083816083,0.00186680563340434,0.00227395271165873,0.0329570871496564
"216",2020-04-27,-0.0153216961919524,-0.0428554735411399,-0.00746780271101631,-0.022439116596662,-0.0427991077545935,-0.0146910115064424,-0.0111446783615542,-0.0186820913390123,0.00531333500912854,-0.00331137854365867,-0.0217550545178806,-0.00406766141921082,-0.00478575457926853,-0.0194562960513732,-0.00487360555359684,-0.004290501184348,-0.00891296342357992
"217",2020-04-28,0.00318702882118738,-0.017190940979018,-0.00522244177016616,-0.0141466937028508,-0.00926022927217243,-0.0101465381085678,-0.000227991414023873,-0.00440713580765452,-0.00245695516251414,-0.00373543098874893,-0.0189002462444272,-0.00410164377520469,-0.00486607780809975,-0.0171518979152085,-0.00411658602560578,-0.00493200196343671,-0.00245086180376799
"218",2020-04-29,0.00157816984044624,-0.014552534664948,-0.00576203479418336,-0.0132330813789043,-0.0125311891406668,-0.020878829919395,0.00669246809424172,0.0290898690395948,-0.00567033490313409,-0.0203944685047146,-0.017000348144618,-0.00880193386494596,-0.00759438352679107,-0.0165825341879406,-0.00560314789276904,-0.00682617329129926,-0.0107612727615523
"219",2020-04-30,0.025796137930814,0.00853322884224899,0.00451308299007658,0.00568424041763487,0.00495167700400546,0.0399791642710078,0.0047620418929754,0.0164485025518199,-0.00166724442244533,0.00974377306922076,0.0124742995682526,-0.00331094716897683,-0.001560614872595,0.0148172986289455,0.000109280873484754,-0.00141148976761986,-0.00849906783987521
"220",2020-05-01,-0.00638041920350935,-0.0222162636722492,-0.00040977347249842,-0.0055525857201346,0.000433401220613798,-0.0013161066912116,-0.000306388704870831,-0.00255683473929626,-0.000675019798767101,0.00448245309056154,0.00104170491296361,0.00184847518718948,0.000673533724505102,-0.000806098666281001,3.66615530860016e-05,0.00138301572820661,0.000158378015401099
"221",2020-05-04,0.0194567040450461,0.00974548859562984,0.00266090487014295,0.00827316393074667,0.00750964695812823,0.0150033370169913,0.00631714920346674,0.00567594250042768,0.0014258670496514,0.00525447815664338,0.0129873586644405,0.00562237852069316,0.00414019368849961,0.013001863294694,0.00280144765957591,0.00458886942695784,0.00563633223292331
"222",2020-05-05,-0.0096608355001698,0.00207219238371569,-0.00265381346188013,0.000206009354412537,-0.00266983924693034,-0.0219911371981405,-0.00416295965919909,0.00269129002420332,-0.00476335663360293,-0.00176762287009619,-0.00879066098073892,-0.00826284331539198,-0.00566853357529629,-0.0114437584569668,-0.00438396465656779,-0.00697815064198964,-0.0032851554635299
"223",2020-05-06,-0.0072864928595444,0.00941270900579149,-0.000923286200642458,0.00267505046666337,0.0318783973837342,-0.0171403727001282,0.00217367209631095,-0.000843283203229482,-0.000729404144742567,0.00181545308122851,0.00255493578280543,0.00181383728893535,0.00107797728208146,-0.00210638131862151,0.000250516680959168,0.00229217897203917,0.00316687886528988
"224",2020-05-07,0.00384898519524999,0.00343626963389234,-0.000465314360582091,-0.000271956155250657,-0.00169225708125099,-0.000175209111966313,-0.00121729497576914,0.0011204580396184,-0.0023632996034989,-0.0001337806961106,0.00247383282275328,-0.00266976828524705,-0.00190422247574525,-0.00152636893114167,-0.00138714320928111,0.000764914336552307,-0.000806939629663119
"225",2020-05-08,-0.00603268687970596,-0.00104833390661327,-0.000472433316833146,-0.0010978682878054,-0.0015977068765847,-0.00162067502130965,-0.000936738215829531,-0.00224826965122089,-0.00162056532566472,0.000318423571486214,-5.2397119305982e-05,-0.000269712336362703,-0.000416888165241432,-0.00163945859437389,-0.000697537712452104,-0.00200954439382929,-0.000458729624386384
"226",2020-05-11,-0.0155192713812318,-0.0192920149245662,-0.0071440573879063,-0.0158437323835423,-0.0109815277415147,-0.0280987771940303,-0.0111434735481566,-0.011902485999117,-0.00566101585348654,-0.00381983896387153,-0.022660972822747,-0.00706140288277409,-0.00645607014647706,-0.0206241342876814,-0.00557042326165679,-0.00747098255378443,-0.0088999612340154
"227",2020-05-12,0.00592191997970415,8.55941807622355e-05,-0.000445250685678465,-0.0019315786090852,-0.00328673538796839,0.0129325072327385,0.00253605229921935,-0.0010516420906307,-0.0028969253061504,-0.00119181994059774,-0.00278652321068292,-0.00336695107563091,-0.00265808158651155,-0.00225567700421121,-0.0021520263581069,-0.00348575917033552,0.00265089170793877
"228",2020-05-13,-0.00540054041300389,-0.00962405119873536,-0.00274026893722665,-0.00749268896702594,-0.00460699960700724,-0.00748981677767955,-0.00446964228885583,-0.0101473366932912,-0.00202961804393975,-0.000381884036304141,-0.00893282876635625,0.000349363541579832,-0.000619872745823562,-0.0049036085271296,-0.00143991524518761,-0.000911909872103279,-0.00313684345513569
"229",2020-05-14,0.0150871841128441,0.0118584474087283,0.00475651825956184,0.010054944678098,0.0063471650448311,0.044955721527382,0.00842660215944825,0.0101107520459058,0.00169007249002285,0.00364410328049722,0.020209015877606,0.00530481237454564,0.00443029445378522,0.020644767121132,0.00331427390991872,0.00395296366121575,0.00717944822402415
"230",2020-05-15,0.000377893631191879,-0.00698236004039578,-0.000131322342261172,-0.000853197883538799,-0.0309301293913718,0.00210630949988661,-9.83235452867131e-05,0.00176037474356595,-0.00164542234248317,0.000147606060627521,0.0008956954070851,-0.000933836817560565,-0.0005853995604427,0.000499215967416937,-0.000650467453374694,-0.000963567504670473,0.000176071371109817
"231",2020-05-18,-0.0198705797453974,-0.0243056911333073,-0.00789870325994902,-0.020244891373069,-0.0144576407190401,-0.0248290240353531,-0.0140782273967385,-0.0153481297843751,-0.00645384224412201,-0.00554411646043053,-0.0225882947174471,-0.00874572951687985,-0.00743436517410306,-0.018596747116658,-0.00653954908484903,-0.00768918351081238,-0.0117721456907287
"232",2020-05-19,-0.0171920946845227,-0.0351456983173777,-0.0139887718197902,-0.0308882272097129,-0.0207086548259768,-0.0200281039892068,-0.0221441922705115,-0.0330430620682065,-0.00840155271177129,-0.0207820747439054,-0.0523796825452493,-0.0100660990503453,-0.00955237522265503,-0.0397446709601892,-0.00964063356694081,-0.00965473141443768,-0.0212880120762531
"233",2020-05-20,-0.0037096707092082,0.0247131256180229,-0.00573277494041138,-0.00877017117134613,0.019736134300665,-0.0080282734397997,-0.00477089830624477,-0.0115433608151433,-0.00661335338165558,-0.00695303623241619,-0.0243176246279449,-0.0105580256213917,-0.00814713994767586,-0.0223162830124649,-0.0070522411374429,-0.00874140789316258,-0.0101467120207582
"234",2020-05-21,0.0108167103143991,0.00671055197354793,0.000330488398599826,0.00101236492825786,0.0300845058605771,-0.00206530988112775,-0.00273972604355906,0.00430477874648827,-0.00380933418640311,0.00588699167094345,-0.000883931016027394,-0.00674286510362676,-0.00426589805854395,-0.0040417834192867,-0.00868017390133895,-0.0056129747074411,-0.0022626161927297
"235",2020-05-22,0.000796793671414277,0.016157873746492,0.00703831376162869,0.0151448996292716,0.011263947845568,0.031848352704386,0.0100224312738384,0.00569037742431549,0.00216452800225333,0.00754189871301982,0.0276315405235794,0.0051292797399575,0.00474547997518074,0.0215230676819245,-0.00203849946219717,0.00440268785051905,0.00856131455160186
"236",2020-05-25,-0.0111851848479466,-0.0284903702765713,-0.0100079631136409,-0.0227890494013428,-0.0163250756708448,-0.0461750180834757,-0.0156635414083611,-0.0532757153024066,-0.00635250918509977,-0.00303562155576035,-0.0354303895292567,-0.00752046610133591,-0.00701679773061807,-0.0326419666152314,-0.0195280507801495,-0.00645849520444517,-0.0125743442001876
"237",2020-05-26,-0.0158709184694015,0.00132300827359846,-0.00552927710486585,-0.0146483621691579,-0.0133567827268084,-0.0218055243189599,-0.0120617142450809,0.0313431343564966,-0.00664882080331368,-0.00497615880587828,-0.0156890036778861,-0.0106818354315824,-0.00824999707187342,-0.0177672561591831,0.00708191185588701,-0.00868901010008593,-0.0098736566169918
"238",2020-05-27,-0.0233264176964896,-0.0485270305184947,-0.00897552705144695,-0.0274835236631546,-0.0214948085939777,-0.0237072926923473,-0.0190432387212296,-0.0245710987705574,-0.00843283807442424,-0.00639217271902586,-0.0447648099180151,-0.0118710408442392,-0.0103671107045339,-0.0317282554306333,-0.00936783369865189,-0.0102689252518398,-0.0157426103656585
"239",2020-05-28,-0.000779008885879928,0.00229415438061775,-0.00491225427271171,-0.0132799435073396,-0.00888456192352947,0.00214361202887111,-0.00407337033262515,-0.017222218735419,-0.00492931917161871,-0.0201342958117804,-0.0252236692489248,-0.00532286125038349,-0.00515024246148001,-0.0139801787824527,-0.00646727802426552,-0.00467564951318097,-0.00460197598252537
"240",2020-05-29,0.0181558144064139,-0.00330897453862949,-0.00397824921105333,-0.00427147116037014,0.0329741397083524,0.0114218630041495,-0.00533279344862932,-0.0131730756469274,-0.00175571404933708,-0.0191133291885558,-0.0187196966127121,0.00181718214383508,1.35187651341892e-05,-0.00716673034118185,-0.0151199852150116,0.00177906759644514,-0.0028646798381873
"241",2020-06-01,-0.0221487204222384,-0.0347968538613562,-0.0158336042507778,-0.0344366380907658,-0.021337886378379,-0.0742123167762819,-0.0206900326943597,-0.0264101450979037,-0.00858777713094932,0.0208519066870772,-0.0516702522732583,-0.00977872431640115,-0.00987877310159983,-0.0512997068917823,-0.00984321514288254,-0.00928910928955558,-0.0121030790926141
"242",2020-06-02,-0.0112383530672038,0.00702174768256503,-0.00485145941934118,-0.00915765313457408,0.0290248849301665,-0.0314688721239759,0.00980885936399351,0.041858920686242,-0.00714156271925374,-0.00169212287328938,-0.0218470255686485,-0.0126453225351024,-0.00934267309173933,-0.0215843750457949,-0.00694905207364321,-0.011127266823773,0.00406188877801033
"243",2020-06-03,0.00133753563247295,0.0274323312103849,0.00340681513946711,0.00451351378878197,-0.00238092876589601,-0.00680073445127732,-0.00581300111826627,0.0137423591201197,-0.00444935305875051,0.000621002526119798,0.0119559921670638,-0.0103249448735514,-0.00609775228578488,0.00149268795786358,-0.00347341551972244,-0.00799395325630444,-0.000998256397014975
"244",2020-06-04,-0.0441071834995121,-0.0693329481900427,-0.0164274341649145,-0.0483219193932419,-0.0249813350491493,-0.0915135720937426,-0.0595067805874719,-0.0365084343595547,-0.0094048430233299,-0.00791582380933456,-0.0651240812667387,-0.00868599346685174,-0.0102157903187673,-0.0615754890778757,-0.0111981742306929,-0.00984777662509572,-0.0242858057055883
"245",2020-06-05,-0.0274527896071777,-0.0261415136745878,-0.0128860383251791,-0.0373050322142093,0.0168142743813269,-0.0614364561061824,-0.0216799979400841,0.0219323285708094,-0.0112720888410727,-0.00934001281082516,-0.0573139944605197,-0.0165326827667663,-0.0144083355971192,-0.0515462684718039,-0.0125321936692991,-0.0152086730864699,-0.0230054885564863
"246",2020-06-08,0.0351236623311023,-0.0164134770303159,-0.00607725008442207,-0.0192796168790418,-0.0141630239918011,-0.0182499813778574,0.0233933070143857,-0.0155655864845909,-0.0067305806679286,-0.00490408149556433,-0.0331141910199074,-0.00914733690746031,-0.00781284323939556,-0.0238840314310759,-0.00691461897133949,-0.00822469377723584,-0.0101099211115097
"247",2020-06-09,-0.0062838690163164,0.0364283069848529,0.00236906658064854,0.00683804112707139,0.000741798935297618,0.0181851856000102,0.00248856864973974,-0.00305575290013392,8.70889514071958e-05,0.00120640741844217,0.00447070727469225,0.00340587629444544,0.002331405025339,0.00405686758952993,0.0011622653611541,0.00204047039283737,0.0142697453843036
"248",2020-06-10,-0.00610534289052492,0.0139254172830805,-0.0057590409329553,-0.00246663850266841,-0.00176313704636207,-0.051680852643035,-0.00738598972248549,-0.0155651132547998,-0.00272433839089775,-0.0169544820268123,-0.0188371916602078,-0.000176960702565319,-0.00139911914025251,-0.0189073617103575,-0.00247863987848649,-0.0014871198912991,-0.00558830849193698
"249",2020-06-11,0.00710073260940731,0.0140425812194953,0.00354662662610519,0.0102179396746027,0.0648164359324287,-0.00585616953855161,0.00910305440216335,-0.00139929906960088,0.00446969382245499,0.0165748619907436,0.0150567296351393,0.014377642269283,0.00983499009649304,0.0167562133299549,0.00585813991756102,0.0105112143618242,0.00832194969435946
"250",2020-06-12,-0.0137443768001787,0.00219814394523031,-0.00164180785288931,-0.00350581932783214,0.000773131080852551,0.0120343505409011,-0.00082434768691104,-0.00257706450720302,-0.000982078299049181,0.00428944098756496,-0.000639950294206571,0.00182454218403349,0.000906197408830897,-0.00188401241840956,-0.000137532843964934,0.00104171500233818,-0.000256025242949423
"251",2020-06-15,0.00831384772108869,0.014504991120675,0.00178002836947149,0.00870149372227941,0.00822626485689719,0.0196976840804135,0.00717748598391145,0.00831127136205483,0.00115900843905334,0.00369684874672084,0.0103235962054114,0.00462559020033074,0.00391880580211728,0.0134988849800378,0.00263734349916615,0.00490180002866437,0.00564125101675888
